id,participantIdentifier,participantIdentifierLastChangedAt,gameID,gameIDLastChangedAt,treatment,treatmentLastChangedAt,treatmentName,treatmentNameLastChangedAt,urlParams,urlParamsLastChangedAt,ended,endedLastChangedAt,participantID,participantIDLastChangedAt,intro,introLastChangedAt,introDone,introDoneLastChangedAt,exitStep,exitStepLastChangedAt,name,nameLastChangedAt,recipient,recipientLastChangedAt,exitSurvey,exitSurveyLastChangedAt,emojiArray,emojiArrayLastChangedAt
01HWDZAQ8AQAPHGCV51W7K5GQC,5a9d3dea4eecca0001dd9486,2024-04-26T19:50:16.074278299Z,,2024-04-26T19:56:37.794629938Z,"{""condition"":""slider"",""opinion"":""slider"",""playerCount"":4,""trueP"":0.7}",2024-04-26T19:55:18.110174602Z,rerun-slider- 0.7,2024-04-26T19:55:18.110174602Z,{},2024-04-26T19:50:16.383123414Z,no more games,2024-04-26T20:13:22.552688085Z,01HWDZAPNZW6M31ZDRQF5FF7R0,2024-04-26T19:50:16.074278299Z,,,,,,,,,,,,,,
01HWDZBW01J75DGAGYH6GJ4CPF,60a3c7ecc3ca164f912804dc,2024-04-26T19:50:53.697936146Z,01HWDZ9H89PXSVDZ2Z0E7MX51J,2024-04-26T19:50:53.709703928Z,"{""condition"":""slider"",""opinion"":""slider"",""playerCount"":4,""trueP"":0.7}",2024-04-26T19:50:53.709703928Z,rerun-slider- 0.7,2024-04-26T19:50:53.709703928Z,{},2024-04-26T19:50:53.884351479Z,game ended,2024-04-26T20:00:18.702510283Z,01HWDZBVMZ3PK1N0QDNKNQJQ5V,2024-04-26T19:50:53.697936146Z,3,2024-04-26T19:53:21.225207208Z,true,2024-04-26T19:53:28.830691166Z,1,2024-04-26T20:02:35.483690737Z,player 1,2024-04-26T19:55:18.197924092Z,01HWDZC5946R9JV817EMBY35NT,2024-04-26T20:00:06.951260432Z,"{""age"":""73"",""gender"":""lfemale"",""strength"":""I didn't feel confident, but most of the other players seemed to see a percentage similar to what I was seeing."",""fair"":""yes"",""feedback"":""it was a little confusing but interesting"",""education"":""bachelor"",""teammates"":""I have no idea. The seemed to be sincere."",""notes"":""only mentally"",""politics"":""liberal"",""geo"":""USA"",""ethnicity"":""white European""}",2024-04-26T20:02:35.485021114Z,"[""🐇"",""🐿️"",""🐇"",""                                   ""]",2024-04-26T19:55:18.197924092Z
01HWDZC5946R9JV817EMBY35NT,64062adf46ccf49e75bcf926,2024-04-26T19:51:03.204338363Z,01HWDZ9H89PXSVDZ2Z0E7MX51J,2024-04-26T19:51:03.216235651Z,"{""condition"":""slider"",""opinion"":""slider"",""playerCount"":4,""trueP"":0.7}",2024-04-26T19:51:03.216235651Z,rerun-slider- 0.7,2024-04-26T19:51:03.216235651Z,{},2024-04-26T19:51:03.514826364Z,game ended,2024-04-26T20:00:18.702510283Z,01HWDZC4PBPFWQSW60C0HKE26H,2024-04-26T19:51:03.204338363Z,3,2024-04-26T19:53:37.294282543Z,true,2024-04-26T19:54:13.56099604Z,1,2024-04-26T20:00:26.904188888Z,player 2,2024-04-26T19:55:18.197924092Z,01HWDZD5717ANBQ8GTPF071NQ4,2024-04-26T20:00:06.951260432Z,"{""age"":""37"",""gender"":"""",""strength"":"""",""fair"":"""",""feedback"":"""",""education"":"""",""teammates"":"""",""notes"":"""",""politics"":"""",""geo"":"""",""ethnicity"":""""}",2024-04-26T20:00:26.90255466Z,"[""🐇"",""🐇"",""🐇"",""🐿️"",""                                   "",""🐇""]",2024-04-26T19:55:18.197924092Z
01HWDZD5717ANBQ8GTPF071NQ4,654bacb9465eb379fb5b7f3f,2024-04-26T19:51:35.906015629Z,01HWDZ9H89PXSVDZ2Z0E7MX51J,2024-04-26T19:51:35.918985362Z,"{""condition"":""slider"",""opinion"":""slider"",""playerCount"":4,""trueP"":0.7}",2024-04-26T19:51:35.918985362Z,rerun-slider- 0.7,2024-04-26T19:51:35.918985362Z,{},2024-04-26T19:51:36.204233376Z,game ended,2024-04-26T20:00:18.702510283Z,01HWDZD4N623KKMA881R3J9GS8,2024-04-26T19:51:35.906015629Z,3,2024-04-26T19:52:27.234354488Z,true,2024-04-26T19:52:37.411080736Z,1,2024-04-26T20:00:48.572687807Z,player 3,2024-04-26T19:55:18.197924092Z,01HWDZGWJ75208CDQJF4S4MG63,2024-04-26T20:00:06.951260432Z,"{""age"":""35"",""gender"":""Female"",""strength"":"""",""fair"":"""",""feedback"":"""",""education"":""bachelor"",""teammates"":""No"",""notes"":""No"",""politics"":""Left"",""geo"":""UK"",""ethnicity"":""Caucasian""}",2024-04-26T20:00:48.571335718Z,"[""🐇"",""🐇"",""🐇"",""🐿️"",""🐇"",""                                   "",""🐇"",""🐇"",""🐿️"",""🐇""]",2024-04-26T19:55:18.197924092Z
01HWDZFE63S2B40MQFVM96F61W,65cf6cf9ef3197c22e39ffb0,2024-04-26T19:52:50.627739284Z,01HWDZBVZCFRSJZ6GN21W52JD7,2024-04-26T19:55:18.110174602Z,"{""condition"":""slider"",""opinion"":""slider"",""playerCount"":4,""trueP"":0.7}",2024-04-26T19:55:18.110174602Z,rerun-slider- 0.7,2024-04-26T19:55:18.110174602Z,{},2024-04-26T19:52:50.977737866Z,game ended,2024-04-26T20:01:16.756909491Z,01HWDZFDDZNPVTGFRAW8W9PQZP,2024-04-26T19:52:50.627739284Z,3,2024-04-26T19:55:39.144020929Z,true,2024-04-26T19:55:57.721837044Z,1,2024-04-26T20:02:44.548909514Z,player 1,2024-04-26T19:56:37.864735612Z,01HWDZG8MA8Z3VJRX0Q4B2RED9,2024-04-26T20:00:56.96158569Z,"{""age"":""62"",""gender"":""F"",""strength"":""Good"",""fair"":""Yes"",""feedback"":"""",""education"":""high-school"",""teammates"":""Not sure"",""notes"":""No"",""politics"":""Left"",""geo"":""UK"",""ethnicity"":""White""}",2024-04-26T20:02:44.541076805Z,"[""🐇"",""🐇"",""🐇"",""🐇"",""🐇"",""🐇"",""                                   "",""🐇""]",2024-04-26T19:56:37.864735612Z
01HWDZFRSE8M5SN5R0E0CQC639,5dd3eb9a0f8d513d6c589024,2024-04-26T19:53:01.486362998Z,,2024-04-26T19:56:37.794629938Z,"{""condition"":""slider"",""opinion"":""slider"",""playerCount"":4,""trueP"":0.7}",2024-04-26T19:55:18.110174602Z,rerun-slider- 0.7,2024-04-26T19:55:18.110174602Z,{},2024-04-26T19:53:01.684287661Z,no more games,2024-04-26T20:13:22.552688085Z,01HWDZFRCS2KG9M95TDE2PJBKB,2024-04-26T19:53:01.486362998Z,,,,,,,,,,,,,,
01HWDZG8MA8Z3VJRX0Q4B2RED9,5e1feef63e3358314e1f5154,2024-04-26T19:53:17.706951009Z,01HWDZBVZCFRSJZ6GN21W52JD7,2024-04-26T19:55:18.110174602Z,"{""condition"":""slider"",""opinion"":""slider"",""playerCount"":4,""trueP"":0.7}",2024-04-26T19:55:18.110174602Z,rerun-slider- 0.7,2024-04-26T19:55:18.110174602Z,{},2024-04-26T19:53:17.929300078Z,game ended,2024-04-26T20:01:16.756909491Z,01HWDZG85XRJE4N0SN77M9HYTZ,2024-04-26T19:53:17.706951009Z,3,2024-04-26T19:55:03.925386915Z,true,2024-04-26T19:55:24.17740404Z,1,2024-04-26T20:03:40.461377876Z,player 2,2024-04-26T19:56:37.864735612Z,01HWDZHMA73CJ89SAWNYF2TN45,2024-04-26T20:00:56.96158569Z,"{""age"":""40"",""gender"":""Male"",""strength"":""I am not sure how well I did."",""fair"":""Yes, the pay is fair."",""feedback"":""Thanks"",""education"":""bachelor"",""teammates"":""They seemed ok, there was no indication they were lying."",""notes"":""I tried to calculate an average of the responses."",""politics"":""Left of center"",""geo"":""Canada"",""ethnicity"":""White""}",2024-04-26T20:03:40.454746027Z,"[""🐿️"",""                                   "",""🐇""]",2024-04-26T19:56:37.864735612Z
01HWDZGWJ75208CDQJF4S4MG63,5efbb75dc7a625169185e94f,2024-04-26T19:53:38.119776447Z,01HWDZ9H89PXSVDZ2Z0E7MX51J,2024-04-26T19:53:38.127932504Z,"{""condition"":""slider"",""opinion"":""slider"",""playerCount"":4,""trueP"":0.7}",2024-04-26T19:53:38.127932504Z,rerun-slider- 0.7,2024-04-26T19:53:38.127932504Z,{},2024-04-26T19:53:38.427342029Z,game ended,2024-04-26T20:00:18.702510283Z,01HWDZGVZWRV5SPH1KCWJ07M9R,2024-04-26T19:53:38.119776447Z,3,2024-04-26T19:55:09.190807427Z,true,2024-04-26T19:55:18.07587844Z,1,2024-04-26T20:01:37.758028193Z,player 4,2024-04-26T19:55:18.197924092Z,01HWDZBW01J75DGAGYH6GJ4CPF,2024-04-26T20:00:06.951260432Z,"{""age"":""23"",""gender"":""Female"",""strength"":""I didn't feel very strong"",""fair"":""Yes"",""feedback"":"""",""education"":""bachelor"",""teammates"":""I think so but I couldn't tell"",""notes"":""Ni"",""politics"":""Left"",""geo"":""United Kingdom"",""ethnicity"":""South east Asia""}",2024-04-26T20:01:37.759367298Z,"[""🐇"",""🐿️"",""                                   "",""🐿️""]",2024-04-26T19:55:18.197924092Z
01HWDZHG9TGQV3BA96SG4NDN5F,65c269507422fa745b4cc0a1,2024-04-26T19:53:58.330627946Z,,2024-04-26T19:56:37.794629938Z,"{""condition"":""slider"",""opinion"":""slider"",""playerCount"":4,""trueP"":0.7}",2024-04-26T19:55:18.110174602Z,rerun-slider- 0.7,2024-04-26T19:55:18.110174602Z,{},2024-04-26T19:53:58.657340995Z,no more games,2024-04-26T20:13:22.552688085Z,01HWDZHFPFRYC4G32KQ9NED86T,2024-04-26T19:53:58.330627946Z,3,2024-04-26T19:56:06.701378048Z,,,1,2024-04-26T19:57:39.972737216Z,,,,,"{""age"":""34"",""gender"":""FEMALE"",""strength"":""GOOD"",""fair"":""YES"",""feedback"":""NO"",""education"":""master"",""teammates"":""YES"",""notes"":""YES"",""politics"":"""",""geo"":""United Kingdom"",""ethnicity"":""LATIN""}",2024-04-26T19:57:39.952242039Z,,
01HWDZHMA73CJ89SAWNYF2TN45,60850f02822cdda28b5ecfcb,2024-04-26T19:54:02.439725643Z,01HWDZBVZCFRSJZ6GN21W52JD7,2024-04-26T19:55:18.110174602Z,"{""condition"":""slider"",""opinion"":""slider"",""playerCount"":4,""trueP"":0.7}",2024-04-26T19:55:18.110174602Z,rerun-slider- 0.7,2024-04-26T19:55:18.110174602Z,{},2024-04-26T19:54:02.569713457Z,game ended,2024-04-26T20:01:16.756909491Z,01HWDZHM289DQYND4ASQBG8TK4,2024-04-26T19:54:02.439725643Z,3,2024-04-26T19:55:52.589734106Z,true,2024-04-26T19:56:03.945700048Z,1,2024-04-26T20:02:26.09936127Z,player 3,2024-04-26T19:56:37.864735612Z,01HWDZJ0DK6HX04SY1P9J0ZWQN,2024-04-26T20:00:56.96158569Z,"{""age"":""31"",""gender"":""Female"",""strength"":""I think it was average"",""fair"":""It seemed fair"",""feedback"":"""",""education"":""bachelor"",""teammates"":""I'm not sure, not enough information to deduce a conclusion."",""notes"":""No, it seemed irrelevant as I only could see what was outside my window and did not contribute to my decision."",""politics"":""Liberal"",""geo"":""Canada"",""ethnicity"":""South Asian""}",2024-04-26T20:02:26.100492729Z,"[""🐇"",""🐇"",""🐇"",""🐇"",""🐿️"",""🐇"",""🐿️"",""🐿️"",""                                   ""]",2024-04-26T19:56:37.864735612Z
01HWDZJ0DK6HX04SY1P9J0ZWQN,5a216a08681a240001ff4071,2024-04-26T19:54:14.836008537Z,01HWDZBVZCFRSJZ6GN21W52JD7,2024-04-26T19:55:18.110174602Z,"{""condition"":""slider"",""opinion"":""slider"",""playerCount"":4,""trueP"":0.7}",2024-04-26T19:55:18.110174602Z,rerun-slider- 0.7,2024-04-26T19:55:18.110174602Z,{},2024-04-26T19:54:15.071762252Z,game ended,2024-04-26T20:01:16.756909491Z,01HWDZHZZBJRZE9C9XTQEYKPQP,2024-04-26T19:54:14.836008537Z,3,2024-04-26T19:56:34.436065924Z,true,2024-04-26T19:56:37.788429546Z,1,2024-04-26T20:02:46.306820044Z,player 4,2024-04-26T19:56:37.864735612Z,01HWDZFE63S2B40MQFVM96F61W,2024-04-26T20:00:56.96158569Z,"{""age"":""30"",""gender"":""Female"",""strength"":""I don't think I had much strength in the game."",""fair"":""Yes"",""feedback"":"""",""education"":""bachelor"",""teammates"":""Yes I trusted them. I think they were telling the truth"",""notes"":""Yes"",""politics"":""Liberal"",""geo"":""Canada"",""ethnicity"":""Korean""}",2024-04-26T20:02:46.305238978Z,"[""🐿️"",""🐇"",""🐿️"",""                                   ""]",2024-04-26T19:56:37.864735612Z
01HWDZJ9RQKB7MKG96DPWB7Y2B,647205d8a9928c1f1f9ca9b9,2024-04-26T19:54:24.40797078Z,,2024-04-26T19:56:37.794629938Z,"{""condition"":""slider"",""opinion"":""slider"",""playerCount"":4,""trueP"":0.7}",2024-04-26T19:55:18.110174602Z,rerun-slider- 0.7,2024-04-26T19:55:18.110174602Z,{},2024-04-26T19:54:24.724398429Z,no more games,2024-04-26T20:13:22.552688085Z,01HWDZJ95P1FSVJVJFZ8S9Q6Z1,2024-04-26T19:54:24.40797078Z,1,2024-04-26T19:54:42.184037802Z,,,1,2024-04-26T19:58:29.674641876Z,,,,,"{""age"":""59"",""gender"":""Male"",""strength"":""it didn't work"",""fair"":""no because there was no game"",""feedback"":""it just jumped to this survey while I was reading how to play the game."",""education"":""high-school"",""teammates"":""how?"",""notes"":""The game closed before it started"",""politics"":"""",""geo"":""United Kingdom"",""ethnicity"":""""}",2024-04-26T19:58:29.676192474Z,,
01HWDZVQR8AF8Q1C1HKJDV9B66,57311f25070de6000e42c711,2024-04-26T19:59:33.640711596Z,01HWDZAVKD71B2T8P146Z0RE23,2024-04-26T19:59:33.6502376Z,"{""condition"":""unidirectional"",""opinion"":""slider"",""playerCount"":4,""trueP"":0.7}",2024-04-26T19:59:33.6502376Z,rerun-unidirectional- 0.7,2024-04-26T19:59:33.6502376Z,{},2024-04-26T19:59:33.97050026Z,game ended,2024-04-26T20:15:40.417672508Z,01HWDZVQ40SX80J5V8VS19F7EB,2024-04-26T19:59:33.640711596Z,4,2024-04-26T20:00:48.503541166Z,true,2024-04-26T20:01:07.155142719Z,1,2024-04-26T20:16:20.02158699Z,player 1,2024-04-26T20:05:03.880892876Z,01HWDZWT9KWEYRWR1WX4F9WYDJ,2024-04-26T20:14:40.095303155Z,"{""age"":""33"",""gender"":""f"",""strength"":""average"",""fair"":""yes"",""feedback"":"""",""education"":""bachelor"",""teammates"":""I think so"",""notes"":""no"",""politics"":""communist"",""geo"":""Scotland"",""ethnicity"":""white""}",2024-04-26T20:16:20.029532297Z,"[""🐇"",""                                   "",""🐿️"",""🐇"",""🐇"",""🐿️"",""🐇"",""🐇""]",2024-04-26T20:05:03.880892876Z
01HWDZWT9KWEYRWR1WX4F9WYDJ,662bafd5aa36715a60d92323,2024-04-26T20:00:09.011445655Z,01HWDZAVKD71B2T8P146Z0RE23,2024-04-26T20:00:09.023838807Z,"{""condition"":""unidirectional"",""opinion"":""slider"",""playerCount"":4,""trueP"":0.7}",2024-04-26T20:00:09.023838807Z,rerun-unidirectional- 0.7,2024-04-26T20:00:09.023838807Z,{},2024-04-26T20:00:09.35783365Z,game ended,2024-04-26T20:15:40.417672508Z,01HWDZWSMF30D68GQKYQ54RSE6,2024-04-26T20:00:09.011445655Z,4,2024-04-26T20:04:05.995045685Z,true,2024-04-26T20:05:03.766494285Z,1,2024-04-26T20:18:03.965307031Z,player 2,2024-04-26T20:05:03.880892876Z,01HWDZX4K47QN05XJEM90F1XJ0,2024-04-26T20:14:40.095303155Z,"{""age"":""24"",""gender"":""male"",""strength"":""straightforwad and to the point, didnt miss a message."",""fair"":""yea absolutely."",""feedback"":""none, great survey."",""education"":""bachelor"",""teammates"":""they were, I hope they didnt lie!"",""notes"":""yea i did, only one had an even number of rabbits and squirrels, rest were majority rabbits just like me."",""politics"":""conservative"",""geo"":""moroccan"",""ethnicity"":""north african""}",2024-04-26T20:18:03.957877948Z,"[""🐿️"",""🐇"",""🐇"",""🐇"",""🐇"",""🐇"",""                                   ""]",2024-04-26T20:05:03.880892876Z
01HWDZWW18VZSRARNXN1G5D1M1,6112ab6678d21ae3ade388d5,2024-04-26T20:00:10.792136923Z,01HWE0MQJ0Y51NQYEGTD92FBPG,2024-04-26T20:14:06.701143049Z,"{""condition"":""unidirectional"",""opinion"":""slider"",""playerCount"":4,""trueP"":0.7}",2024-04-26T20:14:06.701143049Z,rerun-unidirectional- 0.7,2024-04-26T20:14:06.701143049Z,{},2024-04-26T20:00:10.959028091Z,game failed,2024-04-26T20:19:08.797585804Z,01HWDZWVPMD7D7W6Y09J4T8W2F,2024-04-26T20:00:10.792136923Z,3,2024-04-26T20:01:34.327264034Z,,,,,,,,,,,,
01HWDZWZERKEX8M3W6EJE978VG,5f1b9073b07b733a1b4fdd8b,2024-04-26T20:00:14.296113091Z,01HWE0MQJ0Y51NQYEGTD92FBPG,2024-04-26T20:14:06.701143049Z,"{""condition"":""unidirectional"",""opinion"":""slider"",""playerCount"":4,""trueP"":0.7}",2024-04-26T20:14:06.701143049Z,rerun-unidirectional- 0.7,2024-04-26T20:14:06.701143049Z,{},2024-04-26T20:00:14.415183813Z,game failed,2024-04-26T20:19:08.797585804Z,01HWDZWZ7TD5F9HJ4DPKP2P01J,2024-04-26T20:00:14.296113091Z,2,2024-04-26T20:02:31.508482396Z,,,,,,,,,,,,
01HWDZX4K47QN05XJEM90F1XJ0,5e8a042b88674a69d75f7347,2024-04-26T20:00:19.55622108Z,01HWDZAVKD71B2T8P146Z0RE23,2024-04-26T20:00:19.565566607Z,"{""condition"":""unidirectional"",""opinion"":""slider"",""playerCount"":4,""trueP"":0.7}",2024-04-26T20:00:19.565566607Z,rerun-unidirectional- 0.7,2024-04-26T20:00:19.565566607Z,{},2024-04-26T20:00:19.896160586Z,game ended,2024-04-26T20:15:40.417672508Z,01HWDZX3Y52301MARGXBF5JJN2,2024-04-26T20:00:19.55622108Z,4,2024-04-26T20:03:20.315718355Z,true,2024-04-26T20:03:27.262787335Z,,,player 3,2024-04-26T20:05:03.880892876Z,01HWDZYE9K97SZZPWRG4GESHHB,2024-04-26T20:14:40.095303155Z,,,"[""🐿️"",""🐿️"",""🐇"",""                                   "",""🐇""]",2024-04-26T20:05:03.880892876Z
01HWDZYE9K97SZZPWRG4GESHHB,63d32088bcda95aceb86ffca,2024-04-26T20:01:02.259132568Z,01HWDZAVKD71B2T8P146Z0RE23,2024-04-26T20:01:02.267360613Z,"{""condition"":""unidirectional"",""opinion"":""slider"",""playerCount"":4,""trueP"":0.7}",2024-04-26T20:01:02.267360613Z,rerun-unidirectional- 0.7,2024-04-26T20:01:02.267360613Z,{},2024-04-26T20:01:02.617572975Z,game ended,2024-04-26T20:15:40.417672508Z,01HWDZYDM1TA6WD6Q76JGQBSBG,2024-04-26T20:01:02.259132568Z,4,2024-04-26T20:04:28.721435288Z,true,2024-04-26T20:04:32.273943649Z,1,2024-04-26T20:17:03.114388271Z,player 4,2024-04-26T20:05:03.880892876Z,01HWDZVQR8AF8Q1C1HKJDV9B66,2024-04-26T20:14:40.095303155Z,"{""age"":""21"",""gender"":""Male"",""strength"":""I told the truth and tried to be helpful albeit with some creative liberties"",""fair"":""Yes!"",""feedback"":"""",""education"":""other"",""teammates"":""Yes they were"",""notes"":""Yes I did"",""politics"":""Centre Right"",""geo"":""British"",""ethnicity"":""Mixed - Black and White""}",2024-04-26T20:17:03.108248846Z,"[""🐿️"",""🐇"",""🐇"",""                                   ""]",2024-04-26T20:05:03.880892876Z
01HWDZZ56ERNVZ2SG25JDPSPAH,6101952cec239584a3ac4c45,2024-04-26T20:01:25.710083883Z,01HWE0MQJ0Y51NQYEGTD92FBPG,2024-04-26T20:14:06.701143049Z,"{""condition"":""unidirectional"",""opinion"":""slider"",""playerCount"":4,""trueP"":0.7}",2024-04-26T20:14:06.701143049Z,rerun-unidirectional- 0.7,2024-04-26T20:14:06.701143049Z,{},2024-04-26T20:01:26.140205514Z,game failed,2024-04-26T20:19:08.797585804Z,01HWDZZ4JPYA92V2GZM0YE30MS,2024-04-26T20:01:25.710083883Z,,,,,,,,,,,,,,
01HWDZZSM0ZY571FYKF58XSYD3,5d62e141756469001948081a,2024-04-26T20:01:46.624888119Z,01HWDZATBYG8AA4193EJ9RRM5A,2024-04-26T20:01:46.635114706Z,"{""condition"":""unidirectional"",""opinion"":""slider"",""playerCount"":4,""trueP"":0.7}",2024-04-26T20:01:46.635114706Z,rerun-unidirectional- 0.7,2024-04-26T20:01:46.635114706Z,{},2024-04-26T20:01:46.970273662Z,game ended,2024-04-26T20:16:47.622439772Z,01HWDZZRYQZWHFV5TGYRCRA9SQ,2024-04-26T20:01:46.624888119Z,4,2024-04-26T20:03:33.18732131Z,true,2024-04-26T20:03:36.236725018Z,1,2024-04-26T20:18:12.825532754Z,player 1,2024-04-26T20:06:50.607322734Z,01HWE02FH9VAQ912VHKVH0RPSB,2024-04-26T20:16:04.420838252Z,"{""age"":""22"",""gender"":""female"",""strength"":""i tried to answer honestly with what i truly believed"",""fair"":""yes"",""feedback"":""did not encounter any problems, it was a fun game"",""education"":""other"",""teammates"":""i think so "",""notes"":""yes, if they had more rabbits than squirrels then it was easier to decide  my answer"",""politics"":""left"",""geo"":""british"",""ethnicity"":""mixed""}",2024-04-26T20:18:12.816368392Z,"[""                                   "",""🐇"",""🐿️"",""🐇"",""🐿️"",""🐿️"",""🐇"",""🐇"",""🐇"",""🐿️""]",2024-04-26T20:06:50.607322734Z
01HWE01Y167Q3364SJ0AYK80KY,6504626ba617e3f1012c95ef,2024-04-26T20:02:56.678304685Z,01HWE0MQJ0Y51NQYEGTD92FBPG,2024-04-26T20:14:06.701143049Z,"{""condition"":""unidirectional"",""opinion"":""slider"",""playerCount"":4,""trueP"":0.7}",2024-04-26T20:14:06.701143049Z,rerun-unidirectional- 0.7,2024-04-26T20:14:06.701143049Z,{},2024-04-26T20:02:56.840541774Z,game failed,2024-04-26T20:19:08.797585804Z,01HWE01XPGR47NSTHYX2QDK432,2024-04-26T20:02:56.678304685Z,2,2024-04-26T20:03:45.821641098Z,,,,,,,,,,,,
01HWE02FH9VAQ912VHKVH0RPSB,5f0788c06b220f03231666a0,2024-04-26T20:03:14.60105587Z,01HWDZATBYG8AA4193EJ9RRM5A,2024-04-26T20:03:14.615316578Z,"{""condition"":""unidirectional"",""opinion"":""slider"",""playerCount"":4,""trueP"":0.7}",2024-04-26T20:03:14.615316578Z,rerun-unidirectional- 0.7,2024-04-26T20:03:14.615316578Z,{},2024-04-26T20:03:14.938411738Z,game ended,2024-04-26T20:16:47.622439772Z,01HWE02EW10VGK59C0303E6WQM,2024-04-26T20:03:14.60105587Z,4,2024-04-26T20:06:42.687823969Z,true,2024-04-26T20:06:48.740429314Z,1,2024-04-26T20:17:21.543280373Z,player 2,2024-04-26T20:06:50.607322734Z,01HWE0410N3808NPQQ6TKXZP0P,2024-04-26T20:16:04.420838252Z,"{""age"":""63"",""gender"":""female"",""strength"":""ok"",""fair"":""ok"",""feedback"":"""",""education"":""master"",""teammates"":""I think so"",""notes"":""yes"",""politics"":""centre"",""geo"":""british"",""ethnicity"":""white""}",2024-04-26T20:17:21.536513453Z,"[""                                   "",""🐇"",""🐿️"",""🐇"",""🐇""]",2024-04-26T20:06:50.607322734Z
01HWE038ZAZQSBTV7ZQDPVX3W5,5bfdd2bc11e618000158834f,2024-04-26T20:03:40.650910071Z,01HWE0MQJ0Y51NQYEGTD92FBPG,2024-04-26T20:14:06.701143049Z,"{""condition"":""unidirectional"",""opinion"":""slider"",""playerCount"":4,""trueP"":0.7}",2024-04-26T20:14:06.701143049Z,rerun-unidirectional- 0.7,2024-04-26T20:14:06.701143049Z,{},2024-04-26T20:03:41.027494666Z,game failed,2024-04-26T20:19:08.797585804Z,01HWE038BK3Q6X04X64P3SD643,2024-04-26T20:03:40.650910071Z,1,2024-04-26T20:03:54.805082829Z,,,,,,,,,,,,
01HWE03NZQ1Y3NHNHEZ4REQR7S,5c33668916da980001530dab,2024-04-26T20:03:53.975833213Z,01HWDZAS82QZ7JN5BP0ER4FHFT,2024-04-26T20:06:50.467939135Z,"{""condition"":""unidirectional"",""opinion"":""slider"",""playerCount"":4,""trueP"":0.7}",2024-04-26T20:06:50.467939135Z,rerun-unidirectional- 0.7,2024-04-26T20:06:50.467939135Z,{},2024-04-26T20:03:54.277064808Z,game ended,2024-04-26T20:19:11.992139975Z,01HWE03ND64QGNH8EPTVAA1999,2024-04-26T20:03:53.975833213Z,4,2024-04-26T20:07:08.646709837Z,true,2024-04-26T20:07:25.552138568Z,1,2024-04-26T20:20:45.497728557Z,player 1,2024-04-26T20:08:16.066482676Z,01HWE0708XWBDCHCFEVP62Y8W0,2024-04-26T20:18:15.00641557Z,"{""age"":""66"",""gender"":""Male"",""strength"":""OK"",""fair"":""Yes"",""feedback"":""Not sure how many other players or if U was getting the same answer more than once from fewer than 11 others."",""education"":""other"",""teammates"":""Hopefully!"",""notes"":""Yes"",""politics"":""Liberal"",""geo"":""UK"",""ethnicity"":""White""}",2024-04-26T20:20:45.503504147Z,"[""🐇"",""🐇"",""🐇"",""🐇"",""                                   ""]",2024-04-26T20:08:16.066482676Z
01HWE0410N3808NPQQ6TKXZP0P,63d6ce129c23bac34f740bf8,2024-04-26T20:04:05.270045506Z,01HWDZATBYG8AA4193EJ9RRM5A,2024-04-26T20:04:05.280040738Z,"{""condition"":""unidirectional"",""opinion"":""slider"",""playerCount"":4,""trueP"":0.7}",2024-04-26T20:04:05.280040738Z,rerun-unidirectional- 0.7,2024-04-26T20:04:05.280040738Z,{},2024-04-26T20:04:05.607791242Z,game ended,2024-04-26T20:16:47.622439772Z,01HWE040BPPDA7J1QY2WZE0VKY,2024-04-26T20:04:05.270045506Z,4,2024-04-26T20:06:08.448736549Z,true,2024-04-26T20:06:16.080606881Z,1,2024-04-26T20:17:28.249524252Z,player 3,2024-04-26T20:06:50.607322734Z,01HWE045ZAANB0ZJYW1SSVC15E,2024-04-26T20:16:04.420838252Z,"{""age"":""41"",""gender"":""Male"",""strength"":""Moderate"",""fair"":""Yes"",""feedback"":"""",""education"":""bachelor"",""teammates"":""I assumed so"",""notes"":""No"",""politics"":""Centre"",""geo"":""UK"",""ethnicity"":""White""}",2024-04-26T20:17:28.240584477Z,"[""                                   "",""🐇"",""🐇"",""🐇"",""🐇"",""🐇""]",2024-04-26T20:06:50.607322734Z
01HWE045ZAANB0ZJYW1SSVC15E,654a99585d45be566c58d390,2024-04-26T20:04:10.346730604Z,01HWDZATBYG8AA4193EJ9RRM5A,2024-04-26T20:04:10.357337082Z,"{""condition"":""unidirectional"",""opinion"":""slider"",""playerCount"":4,""trueP"":0.7}",2024-04-26T20:04:10.357337082Z,rerun-unidirectional- 0.7,2024-04-26T20:04:10.357337082Z,{},2024-04-26T20:04:10.410434756Z,game ended,2024-04-26T20:16:47.622439772Z,01HWE045VX1K7CBY0DSA2W9X66,2024-04-26T20:04:10.346730604Z,4,2024-04-26T20:06:38.4443387Z,true,2024-04-26T20:06:50.413872205Z,1,2024-04-26T20:18:07.236773556Z,player 4,2024-04-26T20:06:50.607322734Z,01HWDZZSM0ZY571FYKF58XSYD3,2024-04-26T20:16:04.420838252Z,"{""age"":""34"",""gender"":""male"",""strength"":""i'm not sure how well i did"",""fair"":""yes"",""feedback"":"""",""education"":""other"",""teammates"":""i think they were telling the truth"",""notes"":""no"",""politics"":""centre"",""geo"":""canada"",""ethnicity"":""black""}",2024-04-26T20:18:07.241475891Z,"[""🐿️"",""                                   "",""🐇""]",2024-04-26T20:06:50.607322734Z
01HWE04DJHC7SZB5792RQRE2Q4,646773ee52917a9524563180,2024-04-26T20:04:18.129942633Z,01HWE0MQJ0Y51NQYEGTD92FBPG,2024-04-26T20:14:06.701143049Z,"{""condition"":""unidirectional"",""opinion"":""slider"",""playerCount"":4,""trueP"":0.7}",2024-04-26T20:14:06.701143049Z,rerun-unidirectional- 0.7,2024-04-26T20:14:06.701143049Z,{},2024-04-26T20:04:18.310075347Z,game failed,2024-04-26T20:19:08.797585804Z,01HWE04D7HG8WPS947BZ7BE11D,2024-04-26T20:04:18.129942633Z,2,2024-04-26T20:05:17.377848295Z,,,,,,,,,,,,
01HWE04YAH83J87T952MNFCZDG,5738efa867421f000f18eb7e,2024-04-26T20:04:35.281677401Z,01HWDZAKR70RW3EAE4M8GPQY4F,2024-04-26T20:13:03.697918568Z,"{""condition"":""unidirectional"",""opinion"":""slider"",""playerCount"":4,""trueP"":0.7}",2024-04-26T20:13:03.697918568Z,rerun-unidirectional- 0.7,2024-04-26T20:13:03.697918568Z,{},2024-04-26T20:04:35.608550097Z,game ended,2024-04-26T20:24:10.171586918Z,01HWE04XPVQDY6KKF1E7WM9ZZN,2024-04-26T20:04:35.281677401Z,4,2024-04-26T20:11:18.218512513Z,true,2024-04-26T20:13:20.291258433Z,1,2024-04-26T20:25:48.770933185Z,player 1,2024-04-26T20:14:06.801336491Z,01HWE0ETRWKJPKY6P83MN337X3,2024-04-26T20:23:27.89589473Z,"{""age"":""35"",""gender"":""Female"",""strength"":""I told others what I could see"",""fair"":""Yes."",""feedback"":"""",""education"":""master"",""teammates"":""I do believe they were telling the truth about what they could see. "",""notes"":""I kept a mental note of the overall numbers. "",""politics"":""N/A"",""geo"":""Italian"",""ethnicity"":""White""}",2024-04-26T20:25:48.765372424Z,"[""🐇"",""🐇"",""🐇"",""                                   ""]",2024-04-26T20:14:06.801336491Z
01HWE05ADYMWRMK184QF4PKYSH,5f1cf0854f5d3b5e7cb74340,2024-04-26T20:04:47.678491786Z,01HWDZAQTA0P9K0JJKTG94QYQD,2024-04-26T20:08:15.977173642Z,"{""condition"":""unidirectional"",""opinion"":""slider"",""playerCount"":4,""trueP"":0.7}",2024-04-26T20:08:15.977173642Z,rerun-unidirectional- 0.7,2024-04-26T20:08:15.977173642Z,{},2024-04-26T20:04:47.844101705Z,game ended,2024-04-26T20:20:10.19570435Z,01HWE05A4FJQBKZ2VX6ZM4W8EK,2024-04-26T20:04:47.678491786Z,4,2024-04-26T20:08:46.944653099Z,true,2024-04-26T20:09:37.437041079Z,1,2024-04-26T20:22:40.93442652Z,player 1,2024-04-26T20:10:08.423946409Z,01HWE05B6BS0Q3T43SBS81NNMJ,2024-04-26T20:19:26.205742296Z,"{""age"":""34"",""gender"":""male"",""strength"":""Noticing patterns and remembering how to identify a rabbit or a squirrel."",""fair"":""I'd say the pay is reasonable. I think these days $15 is the minimum pay should be for time spent working."",""feedback"":""Everything worked well, however before the game itself started I had to refresh that page since it stayed blank for a while."",""education"":""high-school"",""teammates"":""They all seemed to be agreeing and working well with each other."",""notes"":""No, I just remembered which they said they had more of each time."",""politics"":""democrat"",""geo"":""United States"",""ethnicity"":""white""}",2024-04-26T20:22:40.941565809Z,"[""                                   "",""🐇"",""🐿️"",""🐇"",""🐿️""]",2024-04-26T20:10:08.423946409Z
01HWE05B6BS0Q3T43SBS81NNMJ,5ea9de15df734413226d7f0d,2024-04-26T20:04:48.459526293Z,01HWDZAQTA0P9K0JJKTG94QYQD,2024-04-26T20:08:15.977173642Z,"{""condition"":""unidirectional"",""opinion"":""slider"",""playerCount"":4,""trueP"":0.7}",2024-04-26T20:08:15.977173642Z,rerun-unidirectional- 0.7,2024-04-26T20:08:15.977173642Z,{},2024-04-26T20:04:48.691898061Z,game ended,2024-04-26T20:20:10.19570435Z,01HWE05AWEJH7P4B9NRDDM95Z6,2024-04-26T20:04:48.459526293Z,4,2024-04-26T20:09:26.549275697Z,true,2024-04-26T20:09:31.671363581Z,1,2024-04-26T20:22:35.963617608Z,player 2,2024-04-26T20:10:08.423946409Z,01HWE074HRK1X9TA5Y6F777R4Y,2024-04-26T20:19:26.205742296Z,"{""age"":""22"",""gender"":""female"",""strength"":""i was strong in compiling the group's messages to determine the ratio of rabbits to squirrels"",""fair"":""yes"",""feedback"":""no problems were encountered, and i thought the game was fun!"",""education"":""bachelor"",""teammates"":""i feel like my teammates were pretty good co-players, and i feel like they had no incentive to lie so therefore told the truth"",""notes"":""no. i took a mental note though (in my head i kept in mind what numbers my teammates were saying)"",""politics"":""left (liberal)"",""geo"":""canada"",""ethnicity"":""white""}",2024-04-26T20:22:35.952079282Z,"[""                                   "",""🐇"",""🐇"",""🐇"",""🐇""]",2024-04-26T20:10:08.423946409Z
01HWE063PSM9FMEEXDBJ44MDBM,5fbead0dc32181085395e4b3,2024-04-26T20:05:13.561144744Z,01HWE0MQJ0Y51NQYEGTD92FBPG,2024-04-26T20:14:06.701143049Z,"{""condition"":""unidirectional"",""opinion"":""slider"",""playerCount"":4,""trueP"":0.7}",2024-04-26T20:14:06.701143049Z,rerun-unidirectional- 0.7,2024-04-26T20:14:06.701143049Z,{},2024-04-26T20:05:13.856549519Z,game failed,2024-04-26T20:19:08.797585804Z,01HWE06338BMSJ9V1CJW1KKHZP,2024-04-26T20:05:13.561144744Z,,,,,,,,,,,,,,
01HWE0708XWBDCHCFEVP62Y8W0,65ee5d07466760163e01c72f,2024-04-26T20:05:42.813417909Z,01HWDZAS82QZ7JN5BP0ER4FHFT,2024-04-26T20:05:42.822783599Z,"{""condition"":""unidirectional"",""opinion"":""slider"",""playerCount"":4,""trueP"":0.7}",2024-04-26T20:05:42.822783599Z,rerun-unidirectional- 0.7,2024-04-26T20:05:42.822783599Z,{},2024-04-26T20:05:43.017970329Z,game ended,2024-04-26T20:19:11.992139975Z,01HWE06ZX9DP7B9AB5MHBMZNH2,2024-04-26T20:05:42.813417909Z,4,2024-04-26T20:07:17.601250284Z,true,2024-04-26T20:07:27.442401752Z,1,2024-04-26T20:20:30.834485806Z,player 2,2024-04-26T20:08:16.066482676Z,01HWE07RP3NFKJ2B7A0524BCEZ,2024-04-26T20:18:15.00641557Z,"{""age"":""43"",""gender"":""male"",""strength"":""decent"",""fair"":""yes i think so"",""feedback"":"""",""education"":""high-school"",""teammates"":""no, i dont think so"",""notes"":""no"",""politics"":""republican"",""geo"":""u.s"",""ethnicity"":""white""}",2024-04-26T20:20:30.829267358Z,"[""                                   "",""🐇"",""🐿️"",""🐇"",""🐇""]",2024-04-26T20:08:16.066482676Z
01HWE074HRK1X9TA5Y6F777R4Y,612faedae9ff56b775e3cee5,2024-04-26T20:05:47.192495848Z,01HWDZAQTA0P9K0JJKTG94QYQD,2024-04-26T20:08:15.977173642Z,"{""condition"":""unidirectional"",""opinion"":""slider"",""playerCount"":4,""trueP"":0.7}",2024-04-26T20:08:15.977173642Z,rerun-unidirectional- 0.7,2024-04-26T20:08:15.977173642Z,{},2024-04-26T20:05:47.585786006Z,game ended,2024-04-26T20:20:10.19570435Z,01HWE073WFSVMFQZDAQ53QEZR3,2024-04-26T20:05:47.192495848Z,4,2024-04-26T20:09:43.877264727Z,true,2024-04-26T20:10:08.252049454Z,1,2024-04-26T20:23:29.04996701Z,player 3,2024-04-26T20:10:08.423946409Z,01HWE07RD5CTTN9C98NZEA958Z,2024-04-26T20:19:26.205742296Z,"{""age"":""33"",""gender"":""woman"",""strength"":""pretty good, didnt have to do much. same 5 rabbits and 3 squirrels. "",""fair"":""i think so, wait whats the exchange rate??"",""feedback"":""same animals in my 'window' became boring"",""education"":""high-school"",""teammates"":""i assume they were telling the truth, didn't think otherwise. "",""notes"":""yes"",""politics"":""N/A"",""geo"":""United Kingdom"",""ethnicity"":""british ""}",2024-04-26T20:23:29.042246301Z,"[""                                   "",""🐇"",""🐿️"",""🐇"",""🐇"",""🐿️"",""🐇"",""🐿️"",""🐇""]",2024-04-26T20:10:08.423946409Z
01HWE07RD5CTTN9C98NZEA958Z,5a0706e479f96a0001c72c82,2024-04-26T20:06:07.525796012Z,01HWDZAQTA0P9K0JJKTG94QYQD,2024-04-26T20:08:15.977173642Z,"{""condition"":""unidirectional"",""opinion"":""slider"",""playerCount"":4,""trueP"":0.7}",2024-04-26T20:08:15.977173642Z,rerun-unidirectional- 0.7,2024-04-26T20:08:15.977173642Z,{},2024-04-26T20:06:07.881863668Z,game ended,2024-04-26T20:20:10.19570435Z,01HWE07QQSPX11YPFD2TQX2WEN,2024-04-26T20:06:07.525796012Z,4,2024-04-26T20:09:45.624117084Z,true,2024-04-26T20:09:59.833520559Z,1,2024-04-26T20:22:57.894257966Z,player 4,2024-04-26T20:10:08.423946409Z,01HWE05ADYMWRMK184QF4PKYSH,2024-04-26T20:19:26.205742296Z,"{""age"":""40"",""gender"":""m"",""strength"":""keeping up morale"",""fair"":""i can't remember. just doing it as i'm ill and bored"",""feedback"":""it was a bit maddening in a sort of sweet way"",""education"":""other"",""teammates"":""i think i was slow to realise i could communicate more than just what was in my window"",""notes"":""not on paper. only realised half way that sometimes there was more than one message to read."",""politics"":""rabbit"",""geo"":""United Kingdom"",""ethnicity"":""white british""}",2024-04-26T20:22:57.886636237Z,"[""🐇"",""🐿️"",""                                   "",""🐇"",""🐇""]",2024-04-26T20:10:08.423946409Z
01HWE07RP3NFKJ2B7A0524BCEZ,660a55821c6200291a1a8795,2024-04-26T20:06:07.811779611Z,01HWDZAS82QZ7JN5BP0ER4FHFT,2024-04-26T20:06:07.822257542Z,"{""condition"":""unidirectional"",""opinion"":""slider"",""playerCount"":4,""trueP"":0.7}",2024-04-26T20:06:07.822257542Z,rerun-unidirectional- 0.7,2024-04-26T20:06:07.822257542Z,{},2024-04-26T20:06:08.021221948Z,game ended,2024-04-26T20:19:11.992139975Z,01HWE07R9N2GTB2ASNS1RJ2CRS,2024-04-26T20:06:07.811779611Z,4,2024-04-26T20:08:06.913403561Z,true,2024-04-26T20:08:10.313497829Z,1,2024-04-26T20:19:44.306099835Z,player 3,2024-04-26T20:08:16.066482676Z,01HWE088VPENM3R5H4W1S2ZNHC,2024-04-26T20:18:15.00641557Z,"{""age"":""23"",""gender"":""Female"",""strength"":"""",""fair"":"""",""feedback"":"""",""education"":""bachelor"",""teammates"":""Somewhat"",""notes"":""Yes"",""politics"":""N/A"",""geo"":"""",""ethnicity"":""White""}",2024-04-26T20:19:44.298743812Z,"[""                                   "",""🐇"",""🐿️"",""🐿️"",""🐿️"",""🐇"",""🐇"",""🐿️""]",2024-04-26T20:08:16.066482676Z
01HWE088VPENM3R5H4W1S2ZNHC,5f806bf37f20b20843d5e9ce,2024-04-26T20:06:24.374556358Z,01HWDZAS82QZ7JN5BP0ER4FHFT,2024-04-26T20:06:24.390543634Z,"{""condition"":""unidirectional"",""opinion"":""slider"",""playerCount"":4,""trueP"":0.7}",2024-04-26T20:06:24.390543634Z,rerun-unidirectional- 0.7,2024-04-26T20:06:24.390543634Z,{},2024-04-26T20:06:24.848851316Z,game ended,2024-04-26T20:19:11.992139975Z,01HWE088816JWVA8YQ5KVZP0HA,2024-04-26T20:06:24.374556358Z,4,2024-04-26T20:08:12.17309932Z,true,2024-04-26T20:08:15.936899919Z,1,2024-04-26T20:20:12.870922948Z,player 4,2024-04-26T20:08:16.066482676Z,01HWE03NZQ1Y3NHNHEZ4REQR7S,2024-04-26T20:18:15.00641557Z,"{""age"":""30"",""gender"":""Female"",""strength"":""Being consistent in telling my \""neighbours\"" what I could see. "",""fair"":""Yes. "",""feedback"":""None. "",""education"":""master"",""teammates"":""Yes, if they were real and not AI/bots. "",""notes"":""No"",""politics"":""Centre"",""geo"":""United Kingdom"",""ethnicity"":""White""}",2024-04-26T20:20:12.861005722Z,"[""🐇"",""🐿️"",""                                   "",""🐇"",""🐇"",""🐇""]",2024-04-26T20:08:16.066482676Z
01HWE09WBQMHPZWM95YRMSKAKX,5c93be2359acaf00019d0dc7,2024-04-26T20:07:17.111390958Z,01HWDZANWHCGGCFKDW5YHNPT7W,2024-04-26T20:10:08.302321598Z,"{""condition"":""unidirectional"",""opinion"":""slider"",""playerCount"":4,""trueP"":0.7}",2024-04-26T20:10:08.302321598Z,rerun-unidirectional- 0.7,2024-04-26T20:10:08.302321598Z,{},2024-04-26T20:07:17.187321287Z,game ended,2024-04-26T20:23:39.072005311Z,01HWE09W7KDAWCMY2TZ6DW32JR,2024-04-26T20:07:17.111390958Z,4,2024-04-26T20:10:34.357769601Z,true,2024-04-26T20:10:41.207937692Z,1,2024-04-26T20:25:13.763235746Z,player 1,2024-04-26T20:11:57.082822062Z,01HWE0AMGDEBQ2W04WPMYGPGAE,2024-04-26T20:22:38.672497587Z,"{""age"":""33"",""gender"":""female"",""strength"":""i think my observation was more correct overall because it seems like i observed more animals\n"",""fair"":""yes"",""feedback"":""thank you"",""education"":""high-school"",""teammates"":""i just assume they provided all the information they had"",""notes"":""mentally"",""politics"":""democrat"",""geo"":""usa"",""ethnicity"":""asian""}",2024-04-26T20:25:13.76912887Z,"[""🐇"",""🐇"",""                                   "",""🐿️"",""🐇"",""🐇"",""🐿️"",""🐇"",""🐇"",""🐿️"",""🐇"",""🐇""]",2024-04-26T20:11:57.082822062Z
01HWE0AMGDEBQ2W04WPMYGPGAE,65e4d77aff8f62cfcb72fe4c,2024-04-26T20:07:41.837911007Z,01HWDZANWHCGGCFKDW5YHNPT7W,2024-04-26T20:10:08.302321598Z,"{""condition"":""unidirectional"",""opinion"":""slider"",""playerCount"":4,""trueP"":0.7}",2024-04-26T20:10:08.302321598Z,rerun-unidirectional- 0.7,2024-04-26T20:10:08.302321598Z,{},2024-04-26T20:07:42.148965258Z,game ended,2024-04-26T20:23:39.072005311Z,01HWE0AKXB1JMAH8691KG8NZZX,2024-04-26T20:07:41.837911007Z,4,2024-04-26T20:10:44.760937997Z,true,2024-04-26T20:11:06.158537588Z,1,2024-04-26T20:24:33.268450543Z,player 2,2024-04-26T20:11:57.082822062Z,01HWE0BFRG9EQK2TEAQTWE8YDH,2024-04-26T20:22:38.672497587Z,"{""age"":""38"",""gender"":""female"",""strength"":""ok"",""fair"":""yes"",""feedback"":"""",""education"":""bachelor"",""teammates"":""Dont know if they were telling truth of not"",""notes"":""no"",""politics"":""none"",""geo"":""british"",""ethnicity"":""chinese""}",2024-04-26T20:24:33.259721532Z,"[""                                   "",""🐇"",""🐿️"",""🐇""]",2024-04-26T20:11:57.082822062Z
01HWE0BFRG9EQK2TEAQTWE8YDH,5c6c5582cf8909000144e607,2024-04-26T20:08:09.744098985Z,01HWDZANWHCGGCFKDW5YHNPT7W,2024-04-26T20:10:08.302321598Z,"{""condition"":""unidirectional"",""opinion"":""slider"",""playerCount"":4,""trueP"":0.7}",2024-04-26T20:10:08.302321598Z,rerun-unidirectional- 0.7,2024-04-26T20:10:08.302321598Z,{},2024-04-26T20:08:09.951377575Z,game ended,2024-04-26T20:23:39.072005311Z,01HWE0BFC6MB154C1P9TMSK938,2024-04-26T20:08:09.744098985Z,4,2024-04-26T20:11:02.050409638Z,true,2024-04-26T20:11:25.346022116Z,1,2024-04-26T20:24:40.5918546Z,player 3,2024-04-26T20:11:57.082822062Z,01HWE0DVHW62Q9SX3HB9N3FCJX,2024-04-26T20:22:38.672497587Z,"{""age"":""31"",""gender"":""F"",""strength"":""I think I did okay at the game."",""fair"":""Yes"",""feedback"":"""",""education"":""master"",""teammates"":""I assumed they were telling the truth"",""notes"":""No"",""politics"":""Democrat"",""geo"":""USA"",""ethnicity"":""White""}",2024-04-26T20:24:40.598037347Z,"[""🐇"",""🐇"",""🐇"",""🐇"",""                                   ""]",2024-04-26T20:11:57.082822062Z
01HWE0C87KP88F9YP8D185EVEJ,5d57062817ee8d0001cda0f6,2024-04-26T20:08:34.803166749Z,01HWE0BV3PWRSDTHWSV372E9CY,2024-04-26T20:11:56.8935848Z,"{""condition"":""unidirectional"",""opinion"":""slider"",""playerCount"":4,""trueP"":0.7}",2024-04-26T20:11:56.8935848Z,rerun-unidirectional- 0.7,2024-04-26T20:11:56.8935848Z,{},2024-04-26T20:08:34.965607167Z,game ended,2024-04-26T20:24:08.951664032Z,01HWE0C7XHY1QFPRFXWA8QMN6N,2024-04-26T20:08:34.803166749Z,4,2024-04-26T20:12:45.821618005Z,true,2024-04-26T20:12:54.851479614Z,1,2024-04-26T20:25:15.523067003Z,player 1,2024-04-26T20:13:03.819681478Z,01HWE0CHNW8QYXQZVX2C0BV098,2024-04-26T20:23:08.532201671Z,"{""age"":""39"",""gender"":""female"",""strength"":""neutral"",""fair"":""yes"",""feedback"":"""",""education"":""high-school"",""teammates"":""I believe so"",""notes"":""mentally, yes"",""politics"":""liberal"",""geo"":""american"",""ethnicity"":""black""}",2024-04-26T20:25:15.516200753Z,"[""🐇"",""🐇"",""🐿️"",""🐿️"",""                                   "",""🐇"",""🐿️"",""🐇""]",2024-04-26T20:13:03.819681478Z
01HWE0CHNW8QYXQZVX2C0BV098,62b2056617c5766ee39d2d83,2024-04-26T20:08:44.476651628Z,01HWE0BV3PWRSDTHWSV372E9CY,2024-04-26T20:11:56.8935848Z,"{""condition"":""unidirectional"",""opinion"":""slider"",""playerCount"":4,""trueP"":0.7}",2024-04-26T20:11:56.8935848Z,rerun-unidirectional- 0.7,2024-04-26T20:11:56.8935848Z,{},2024-04-26T20:08:44.84362839Z,game ended,2024-04-26T20:24:08.951664032Z,01HWE0CH086T7MA4GSTVDM1JKH,2024-04-26T20:08:44.476651628Z,4,2024-04-26T20:12:26.86024331Z,true,2024-04-26T20:13:03.56531559Z,1,2024-04-26T20:26:39.393015007Z,player 2,2024-04-26T20:13:03.819681478Z,01HWE0EJCZ66GJ0AQ5XEMQWVD6,2024-04-26T20:23:08.532201671Z,"{""age"":""55"",""gender"":""FEMALE"",""strength"":""HARD GAME, VERY STRATEGIC"",""fair"":""DEFINETLY"",""feedback"":""NO PROBLEMS"",""education"":""bachelor"",""teammates"":""HARD TO SAY BUT I WANT TO BELIEVE THEY WERE TELLING THEIR TRUTH "",""notes"":""NO AT ALL. JUST TRIED TO MEMORIZE SOME OF THE MESSAGES"",""politics"":""LEFT"",""geo"":""PORTUGAL"",""ethnicity"":""WHITE""}",2024-04-26T20:26:39.384993716Z,"[""🐇"",""🐿️"",""🐇"",""🐇"",""                                   "",""🐇"",""🐇"",""🐇"",""🐇"",""🐇""]",2024-04-26T20:13:03.819681478Z
01HWE0CQYWB7J3ZGXCTZMDSHNK,62b1ea26f3366159e3798b8d,2024-04-26T20:08:50.90850351Z,01HWE0MQJ0Y51NQYEGTD92FBPG,2024-04-26T20:14:06.701143049Z,"{""condition"":""unidirectional"",""opinion"":""slider"",""playerCount"":4,""trueP"":0.7}",2024-04-26T20:14:06.701143049Z,rerun-unidirectional- 0.7,2024-04-26T20:14:06.701143049Z,{},2024-04-26T20:08:51.288990428Z,game failed,2024-04-26T20:19:08.797585804Z,01HWE0CQ782QVWH2VQ04C7968H,2024-04-26T20:08:50.90850351Z,,,,,,,,,,,,,,
01HWE0CSNMTJ6NQG4SE3K25BNQ,5e753ccd65c9670a250a019b,2024-04-26T20:08:52.660620368Z,01HWE0MQJ0Y51NQYEGTD92FBPG,2024-04-26T20:14:06.701143049Z,"{""condition"":""unidirectional"",""opinion"":""slider"",""playerCount"":4,""trueP"":0.7}",2024-04-26T20:14:06.701143049Z,rerun-unidirectional- 0.7,2024-04-26T20:14:06.701143049Z,{},2024-04-26T20:08:52.816216553Z,game failed,2024-04-26T20:19:08.797585804Z,01HWE0CSD150X121A6H4NJ3ABY,2024-04-26T20:08:52.660620368Z,4,2024-04-26T20:15:34.941445826Z,true,2024-04-26T20:15:39.679606802Z,1,2024-04-26T20:20:30.8203198Z,,,,,"{""age"":""20"",""gender"":""female"",""strength"":""great"",""fair"":""yes"",""feedback"":"""",""education"":""high-school"",""teammates"":""yes"",""notes"":""no"",""politics"":""liberal"",""geo"":""American"",""ethnicity"":""black""}",2024-04-26T20:20:30.756964799Z,,
01HWE0CW245ZRPER2R8FR0GCN5,63d53d150a864eb06120bb88,2024-04-26T20:08:55.108777939Z,01HWE0MQJ0Y51NQYEGTD92FBPG,2024-04-26T20:14:06.701143049Z,"{""condition"":""unidirectional"",""opinion"":""slider"",""playerCount"":4,""trueP"":0.7}",2024-04-26T20:14:06.701143049Z,rerun-unidirectional- 0.7,2024-04-26T20:14:06.701143049Z,{},2024-04-26T20:08:55.469663493Z,game failed,2024-04-26T20:19:08.797585804Z,01HWE0CVB6A89S52MV8TXAH1WR,2024-04-26T20:08:55.108777939Z,3,2024-04-26T20:09:34.694841483Z,,,,,,,,,,,,
01HWE0DVHW62Q9SX3HB9N3FCJX,6502163673c7b5c74d1250b6,2024-04-26T20:09:27.356927396Z,01HWDZANWHCGGCFKDW5YHNPT7W,2024-04-26T20:09:27.367245179Z,"{""condition"":""unidirectional"",""opinion"":""slider"",""playerCount"":4,""trueP"":0.7}",2024-04-26T20:09:27.367245179Z,rerun-unidirectional- 0.7,2024-04-26T20:09:27.367245179Z,{},2024-04-26T20:09:27.536600562Z,game ended,2024-04-26T20:23:39.072005311Z,01HWE0DV6YDPW87ZHR03FGDY1G,2024-04-26T20:09:27.356927396Z,4,2024-04-26T20:11:41.086640674Z,true,2024-04-26T20:11:56.817836888Z,1,2024-04-26T20:24:39.698138999Z,player 4,2024-04-26T20:11:57.082822062Z,01HWE09WBQMHPZWM95YRMSKAKX,2024-04-26T20:22:38.672497587Z,"{""age"":""34"",""gender"":""Female"",""strength"":""Notetaking"",""fair"":""I think so"",""feedback"":"""",""education"":""master"",""teammates"":""My first two people never responded, but otherwise people were generally helpful"",""notes"":""I did"",""politics"":""Liberal"",""geo"":""Canadian"",""ethnicity"":""white""}",2024-04-26T20:24:39.69264197Z,"[""🐿️"",""                                   "",""🐿️""]",2024-04-26T20:11:57.082822062Z
01HWE0EFVKW0VY6CY00MZREJ30,60df7b91415e487e2ec0d2ec,2024-04-26T20:09:48.147481093Z,01HWE0MQJ0Y51NQYEGTD92FBPG,2024-04-26T20:14:06.701143049Z,"{""condition"":""unidirectional"",""opinion"":""slider"",""playerCount"":4,""trueP"":0.7}",2024-04-26T20:14:06.701143049Z,rerun-unidirectional- 0.7,2024-04-26T20:14:06.701143049Z,{},2024-04-26T20:09:48.49102791Z,game failed,2024-04-26T20:19:08.797585804Z,01HWE0EF6N660FP8E6J8FK3867,2024-04-26T20:09:48.147481093Z,4,2024-04-26T20:15:40.183653223Z,true,2024-04-26T20:16:23.776730286Z,1,2024-04-26T20:22:56.965783683Z,,,,,"{""age"":""27"",""gender"":""Male"",""strength"":"""",""fair"":"""",""feedback"":""I didn't get to play :( It was waiting for players then went straight to this exit survey"",""education"":""other"",""teammates"":"""",""notes"":"""",""politics"":""Left"",""geo"":""England, UK"",""ethnicity"":""White""}",2024-04-26T20:22:56.945989308Z,,
01HWE0EJCZ66GJ0AQ5XEMQWVD6,56a7da16c89737000b22953c,2024-04-26T20:09:50.751351803Z,01HWE0BV3PWRSDTHWSV372E9CY,2024-04-26T20:11:56.93944137Z,"{""condition"":""unidirectional"",""opinion"":""slider"",""playerCount"":4,""trueP"":0.7}",2024-04-26T20:11:56.93944137Z,rerun-unidirectional- 0.7,2024-04-26T20:11:56.93944137Z,{},2024-04-26T20:09:51.057961368Z,game ended,2024-04-26T20:24:08.951664032Z,01HWE0EHTPFR29ZQM7NFY1ZSP5,2024-04-26T20:09:50.751351803Z,4,2024-04-26T20:12:35.258155446Z,true,2024-04-26T20:12:47.203203004Z,1,2024-04-26T20:25:40.55538677Z,player 3,2024-04-26T20:13:03.819681478Z,01HWE0ESPAYRD0BQKSE8Q1AAQT,2024-04-26T20:23:08.532201671Z,"{""age"":""61"",""gender"":""female"",""strength"":""I tried to play fairly. "",""fair"":""Yes"",""feedback"":""No issues. "",""education"":""bachelor"",""teammates"":""I assumed they were telling the truth. No reason not to. "",""notes"":""Only mental notes. "",""politics"":""right "",""geo"":""United Kingdom"",""ethnicity"":""white british""}",2024-04-26T20:25:40.545739709Z,"[""                                   "",""🐿️"",""🐇""]",2024-04-26T20:13:03.819681478Z
01HWE0ESPAYRD0BQKSE8Q1AAQT,5e1f1ec9debba10112ac5733,2024-04-26T20:09:58.218738333Z,01HWE0BV3PWRSDTHWSV372E9CY,2024-04-26T20:11:56.93944137Z,"{""condition"":""unidirectional"",""opinion"":""slider"",""playerCount"":4,""trueP"":0.7}",2024-04-26T20:11:56.93944137Z,rerun-unidirectional- 0.7,2024-04-26T20:11:56.93944137Z,{},2024-04-26T20:09:58.550276439Z,game ended,2024-04-26T20:24:08.951664032Z,01HWE0ES1Z2SDGYFARVNAK3FY9,2024-04-26T20:09:58.218738333Z,4,2024-04-26T20:12:38.561633786Z,true,2024-04-26T20:12:54.878014476Z,1,2024-04-26T20:26:07.822312758Z,player 4,2024-04-26T20:13:03.819681478Z,01HWE0C87KP88F9YP8D185EVEJ,2024-04-26T20:23:08.532201671Z,"{""age"":""39"",""gender"":""Female"",""strength"":""I am not sure what this question means. "",""fair"":""Yes. "",""feedback"":""There were a few rounds where I didn't receive any feedback, but I suspect that was part of the experiment. "",""education"":""high-school"",""teammates"":""I had no reason to believe the other players were not telling the truth, as being truthful would benefit everyone. "",""notes"":""I did not take notes "",""politics"":"""",""geo"":"""",""ethnicity"":""Caucasian ""}",2024-04-26T20:26:07.813019632Z,"[""🐇"",""                                   "",""🐿️""]",2024-04-26T20:13:03.819681478Z
01HWE0ETRWKJPKY6P83MN337X3,6377b2f86b8b9b469d7cee77,2024-04-26T20:09:59.324572966Z,01HWDZAKR70RW3EAE4M8GPQY4F,2024-04-26T20:13:03.697918568Z,"{""condition"":""unidirectional"",""opinion"":""slider"",""playerCount"":4,""trueP"":0.7}",2024-04-26T20:13:03.697918568Z,rerun-unidirectional- 0.7,2024-04-26T20:13:03.697918568Z,{},2024-04-26T20:09:59.661117707Z,game ended,2024-04-26T20:24:10.171586918Z,01HWE0ET3T93FA1FHW1ME53GXS,2024-04-26T20:09:59.324572966Z,4,2024-04-26T20:12:58.613116213Z,true,2024-04-26T20:13:13.450480412Z,1,2024-04-26T20:25:26.276025108Z,player 2,2024-04-26T20:14:06.801336491Z,01HWE0EXJJJA09SH9FFEK5E0ZR,2024-04-26T20:23:27.89589473Z,"{""age"":""64"",""gender"":""male"",""strength"":""solid without being outstanding"",""fair"":""yes"",""feedback"":"""",""education"":""master"",""teammates"":""i hope so"",""notes"":""yes"",""politics"":""left wing"",""geo"":""scottish"",""ethnicity"":""white""}",2024-04-26T20:25:26.267909836Z,"[""🐇"",""                                   "",""🐇"",""🐿️"",""🐇"",""🐇"",""🐿️""]",2024-04-26T20:14:06.801336491Z
01HWE0EXJJJA09SH9FFEK5E0ZR,62d6d903bfa2edd3d7f58d82,2024-04-26T20:10:02.194514866Z,01HWDZAKR70RW3EAE4M8GPQY4F,2024-04-26T20:13:03.697918568Z,"{""condition"":""unidirectional"",""opinion"":""slider"",""playerCount"":4,""trueP"":0.7}",2024-04-26T20:13:03.697918568Z,rerun-unidirectional- 0.7,2024-04-26T20:13:03.697918568Z,{},2024-04-26T20:10:02.301944863Z,game ended,2024-04-26T20:24:10.171586918Z,01HWE0EXCP3P2BBK1RVE22A2NW,2024-04-26T20:10:02.194514866Z,4,2024-04-26T20:13:40.1258538Z,true,2024-04-26T20:13:45.507143664Z,1,2024-04-26T20:25:36.163035438Z,player 3,2024-04-26T20:14:06.801336491Z,01HWE0G5XSZK35T1BRJ2KKQJHD,2024-04-26T20:23:27.89589473Z,"{""age"":""51"",""gender"":""Female"",""strength"":""I was able to remember the amount of animals, I think."",""fair"":""Yes, it was fair."",""feedback"":"""",""education"":""high-school"",""teammates"":""They were telling the truth, why wouldn't they be? They only ever said the number of animals they saw, though."",""notes"":""Only mentally."",""politics"":""Progressive Democrat"",""geo"":""US"",""ethnicity"":""Caucasian""}",2024-04-26T20:25:36.154413613Z,"[""🐿️"",""🐇"",""🐇"",""🐿️"",""🐇"",""🐿️"",""🐇"",""                                   ""]",2024-04-26T20:14:06.801336491Z
01HWE0G5XSZK35T1BRJ2KKQJHD,5bd0d2c1263e0a00016d3c7c,2024-04-26T20:10:43.513942968Z,01HWDZAKR70RW3EAE4M8GPQY4F,2024-04-26T20:13:03.697918568Z,"{""condition"":""unidirectional"",""opinion"":""slider"",""playerCount"":4,""trueP"":0.7}",2024-04-26T20:13:03.697918568Z,rerun-unidirectional- 0.7,2024-04-26T20:13:03.697918568Z,{},2024-04-26T20:10:43.916245538Z,game ended,2024-04-26T20:24:10.171586918Z,01HWE0G58XEXW0RGY1JT1JJGM0,2024-04-26T20:10:43.513942968Z,4,2024-04-26T20:14:02.387190491Z,true,2024-04-26T20:14:06.631345408Z,1,2024-04-26T20:25:16.937197705Z,player 4,2024-04-26T20:14:06.801336491Z,01HWE04YAH83J87T952MNFCZDG,2024-04-26T20:23:27.89589473Z,"{""age"":""44"",""gender"":""male"",""strength"":""not very good"",""fair"":""not sure what im getting paid"",""feedback"":""n/a"",""education"":""bachelor"",""teammates"":""dont know"",""notes"":""yes"",""politics"":""right"",""geo"":""N.ireland"",""ethnicity"":""white""}",2024-04-26T20:25:16.946973031Z,"[""🐇"",""🐇"",""                                   "",""🐇"",""🐿️""]",2024-04-26T20:14:06.801336491Z
01HWE0H0G2203WPRAT4T7XK4HD,5c6b23a6076e4e0001292f53,2024-04-26T20:11:10.722051018Z,01HWE0MQJ0Y51NQYEGTD92FBPG,2024-04-26T20:14:06.701143049Z,"{""condition"":""unidirectional"",""opinion"":""slider"",""playerCount"":4,""trueP"":0.7}",2024-04-26T20:14:06.701143049Z,rerun-unidirectional- 0.7,2024-04-26T20:14:06.701143049Z,{},2024-04-26T20:11:11.028968332Z,game failed,2024-04-26T20:19:08.797585804Z,01HWE0GZXTZQNVAG6YDKRRA7KE,2024-04-26T20:11:10.722051018Z,4,2024-04-26T20:13:51.621545203Z,true,2024-04-26T20:14:08.756738963Z,1,2024-04-26T20:20:43.832927168Z,,,,,"{""age"":""52"",""gender"":""Female"",""strength"":""None other players joined"",""fair"":""None other players joined"",""feedback"":""None other players joined"",""education"":""high-school"",""teammates"":""None other players joined"",""notes"":""None other players joined, "",""politics"":""Left of centre"",""geo"":""England"",""ethnicity"":""White""}",2024-04-26T20:20:43.825709738Z,,
01HWE0P8YHT33NS8Q92HYMZ6EF,6159ffae3dec28bbdc15a715,2024-04-26T20:14:03.217310039Z,01HWE0MQJ0Y51NQYEGTD92FBPG,2024-04-26T20:14:06.701143049Z,"{""condition"":""unidirectional"",""opinion"":""slider"",""playerCount"":4,""trueP"":0.7}",2024-04-26T20:14:06.701143049Z,rerun-unidirectional- 0.7,2024-04-26T20:14:06.701143049Z,{},2024-04-26T20:14:03.618845151Z,game failed,2024-04-26T20:19:08.797585804Z,01HWE0P86EYGR3XYWKZY6ZRNP9,2024-04-26T20:14:03.217310039Z,3,2024-04-26T20:18:24.452243965Z,,,,,,,,,,,,
