id,endedReason,endedReasonLastChangedAt,config,configLastChangedAt,status,statusLastChangedAt,lobbyConfig,lobbyConfigLastChangedAt,initialized,initializedLastChangedAt
01HN8VW4KDXDSK4543MZEH5MVR,all games finished,2024-01-28T20:51:11.010192469Z,"{""kind"":""complete"",""config"":{""treatments"":[{""treatment"":{""name"":""experiment2-interactive"",""factors"":{""condition"":""interactive"",""opinion"":""slider"",""playerCount"":4,""trueP"":0.7}},""count"":1},{""treatment"":{""name"":""experiment2-slider"",""factors"":{""condition"":""slider"",""opinion"":""slider"",""playerCount"":4,""trueP"":0.7}},""count"":1}]}}",2024-01-28T20:23:47.565364795Z,ended,2024-01-28T20:51:11.010192469Z,"{""name"":""Default individual"",""kind"":""individual"",""duration"":300000000000}",2024-01-28T20:23:47.565364795Z,true,2024-01-28T20:23:47.585754531Z
01HN8VW75A0SZ36EFK7W5H8SM5,all games finished,2024-01-28T20:54:10.344003828Z,"{""kind"":""complete"",""config"":{""treatments"":[{""treatment"":{""name"":""experiment2-interactive"",""factors"":{""condition"":""interactive"",""opinion"":""slider"",""playerCount"":4,""trueP"":0.7}},""count"":1},{""treatment"":{""name"":""experiment2-slider"",""factors"":{""condition"":""slider"",""opinion"":""slider"",""playerCount"":4,""trueP"":0.7}},""count"":1}]}}",2024-01-28T20:23:50.187058942Z,ended,2024-01-28T20:54:10.344003828Z,"{""name"":""Default individual"",""kind"":""individual"",""duration"":300000000000}",2024-01-28T20:23:50.187058942Z,true,2024-01-28T20:23:50.197840053Z
01HN8VW97B7RVYGZYTEJRJCHEC,all games finished,2024-01-28T20:54:45.511438761Z,"{""kind"":""complete"",""config"":{""treatments"":[{""treatment"":{""name"":""experiment2-interactive"",""factors"":{""condition"":""interactive"",""opinion"":""slider"",""playerCount"":4,""trueP"":0.7}},""count"":1},{""treatment"":{""name"":""experiment2-slider"",""factors"":{""condition"":""slider"",""opinion"":""slider"",""playerCount"":4,""trueP"":0.7}},""count"":1}]}}",2024-01-28T20:23:52.299836902Z,ended,2024-01-28T20:54:45.511438761Z,"{""name"":""Default individual"",""kind"":""individual"",""duration"":300000000000}",2024-01-28T20:23:52.299836902Z,true,2024-01-28T20:23:52.307761733Z
01HN8VWAVY8K8BCDX48G3TDG9B,all games finished,2024-01-28T20:55:53.547054038Z,"{""kind"":""complete"",""config"":{""treatments"":[{""treatment"":{""name"":""experiment2-interactive"",""factors"":{""condition"":""interactive"",""opinion"":""slider"",""playerCount"":4,""trueP"":0.7}},""count"":1},{""treatment"":{""name"":""experiment2-slider"",""factors"":{""condition"":""slider"",""opinion"":""slider"",""playerCount"":4,""trueP"":0.7}},""count"":1}]}}",2024-01-28T20:23:53.982288137Z,ended,2024-01-28T20:55:53.547054038Z,"{""name"":""Default individual"",""kind"":""individual"",""duration"":300000000000}",2024-01-28T20:23:53.982288137Z,true,2024-01-28T20:23:53.989981075Z
01HN8VWCVFFMYY27RA0GBFH9GJ,all games finished,2024-01-28T20:57:34.573356635Z,"{""kind"":""complete"",""config"":{""treatments"":[{""treatment"":{""name"":""experiment2-interactive"",""factors"":{""condition"":""interactive"",""opinion"":""slider"",""playerCount"":4,""trueP"":0.7}},""count"":1},{""treatment"":{""name"":""experiment2-slider"",""factors"":{""condition"":""slider"",""opinion"":""slider"",""playerCount"":4,""trueP"":0.7}},""count"":1}]}}",2024-01-28T20:23:56.015886106Z,ended,2024-01-28T20:57:34.573356635Z,"{""name"":""Default individual"",""kind"":""individual"",""duration"":300000000000}",2024-01-28T20:23:56.015886106Z,true,2024-01-28T20:23:56.024536957Z
01HN8VWJPFTCBNZXJQCHQAW402,all games finished,2024-01-28T21:00:20.066582011Z,"{""kind"":""complete"",""config"":{""treatments"":[{""treatment"":{""name"":""experiment2-interactive"",""factors"":{""condition"":""interactive"",""opinion"":""slider"",""playerCount"":4,""trueP"":0.7}},""count"":1},{""treatment"":{""name"":""experiment2-slider"",""factors"":{""condition"":""slider"",""opinion"":""slider"",""playerCount"":4,""trueP"":0.7}},""count"":1}]}}",2024-01-28T20:24:01.999202294Z,ended,2024-01-28T21:00:20.066582011Z,"{""name"":""Default individual"",""kind"":""individual"",""duration"":300000000000}",2024-01-28T20:24:01.999202294Z,true,2024-01-28T20:24:02.012808264Z
01HN8VWKEJBPW738536ADYXF4K,all games finished,2024-01-28T21:02:47.258943677Z,"{""kind"":""complete"",""config"":{""treatments"":[{""treatment"":{""name"":""experiment2-interactive"",""factors"":{""condition"":""interactive"",""opinion"":""slider"",""playerCount"":4,""trueP"":0.7}},""count"":1},{""treatment"":{""name"":""experiment2-slider"",""factors"":{""condition"":""slider"",""opinion"":""slider"",""playerCount"":4,""trueP"":0.7}},""count"":1}]}}",2024-01-28T20:24:02.770875633Z,ended,2024-01-28T21:02:47.258943677Z,"{""name"":""Default individual"",""kind"":""individual"",""duration"":300000000000}",2024-01-28T20:24:02.770875633Z,true,2024-01-28T20:24:02.778654418Z
01HN8VWMZP8WDGHG3SGQ41JSP7,all games finished,2024-01-28T21:03:46.406469967Z,"{""kind"":""complete"",""config"":{""treatments"":[{""treatment"":{""name"":""experiment2-interactive"",""factors"":{""condition"":""interactive"",""opinion"":""slider"",""playerCount"":4,""trueP"":0.7}},""count"":1},{""treatment"":{""name"":""experiment2-slider"",""factors"":{""condition"":""slider"",""opinion"":""slider"",""playerCount"":4,""trueP"":0.7}},""count"":1}]}}",2024-01-28T20:24:04.342243372Z,ended,2024-01-28T21:03:46.406469967Z,"{""name"":""Default individual"",""kind"":""individual"",""duration"":300000000000}",2024-01-28T20:24:04.342243372Z,true,2024-01-28T20:24:04.354341677Z
01HN8VWNV14433TW2PTE1T3JQE,all games finished,2024-01-28T21:03:16.282217036Z,"{""kind"":""complete"",""config"":{""treatments"":[{""treatment"":{""name"":""experiment2-interactive"",""factors"":{""condition"":""interactive"",""opinion"":""slider"",""playerCount"":4,""trueP"":0.7}},""count"":1},{""treatment"":{""name"":""experiment2-slider"",""factors"":{""condition"":""slider"",""opinion"":""slider"",""playerCount"":4,""trueP"":0.7}},""count"":1}]}}",2024-01-28T20:24:05.217492154Z,ended,2024-01-28T21:03:16.282217036Z,"{""name"":""Default individual"",""kind"":""individual"",""duration"":300000000000}",2024-01-28T20:24:05.217492154Z,true,2024-01-28T20:24:05.22578019Z
01HN8VWPSPPMXNT892BA7EPQH4,all games finished,2024-01-28T21:05:43.256668484Z,"{""kind"":""complete"",""config"":{""treatments"":[{""treatment"":{""name"":""experiment2-interactive"",""factors"":{""condition"":""interactive"",""opinion"":""slider"",""playerCount"":4,""trueP"":0.7}},""count"":1},{""treatment"":{""name"":""experiment2-slider"",""factors"":{""condition"":""slider"",""opinion"":""slider"",""playerCount"":4,""trueP"":0.7}},""count"":1}]}}",2024-01-28T20:24:06.198205576Z,ended,2024-01-28T21:05:43.256668484Z,"{""name"":""Default individual"",""kind"":""individual"",""duration"":300000000000}",2024-01-28T20:24:06.198205576Z,true,2024-01-28T20:24:06.206149656Z
01HN8VWYY5W1VEZPCPFRWHFR90,all games finished,2024-01-28T21:06:00.184548189Z,"{""kind"":""complete"",""config"":{""treatments"":[{""treatment"":{""name"":""experiment2-interactive"",""factors"":{""condition"":""interactive"",""opinion"":""slider"",""playerCount"":4,""trueP"":0.7}},""count"":1},{""treatment"":{""name"":""experiment2-slider"",""factors"":{""condition"":""slider"",""opinion"":""slider"",""playerCount"":4,""trueP"":0.7}},""count"":1}]}}",2024-01-28T20:24:14.533284118Z,ended,2024-01-28T21:06:00.184548189Z,"{""name"":""Default individual"",""kind"":""individual"",""duration"":300000000000}",2024-01-28T20:24:14.533284118Z,true,2024-01-28T20:24:14.546121578Z
01HN8VX087MEJ7KQVT4Z648FDB,all games finished,2024-01-28T21:05:28.701149376Z,"{""kind"":""complete"",""config"":{""treatments"":[{""treatment"":{""name"":""experiment2-interactive"",""factors"":{""condition"":""interactive"",""opinion"":""slider"",""playerCount"":4,""trueP"":0.7}},""count"":1},{""treatment"":{""name"":""experiment2-slider"",""factors"":{""condition"":""slider"",""opinion"":""slider"",""playerCount"":4,""trueP"":0.7}},""count"":1}]}}",2024-01-28T20:24:15.879236948Z,ended,2024-01-28T21:05:28.701149376Z,"{""name"":""Default individual"",""kind"":""individual"",""duration"":300000000000}",2024-01-28T20:24:15.879236948Z,true,2024-01-28T20:24:15.88956528Z
01HN8VX105EGHZ6N1SCBJA7BCQ,all games finished,2024-01-28T21:05:14.605379166Z,"{""kind"":""complete"",""config"":{""treatments"":[{""treatment"":{""name"":""experiment2-interactive"",""factors"":{""condition"":""interactive"",""opinion"":""slider"",""playerCount"":4,""trueP"":0.7}},""count"":1},{""treatment"":{""name"":""experiment2-slider"",""factors"":{""condition"":""slider"",""opinion"":""slider"",""playerCount"":4,""trueP"":0.7}},""count"":1}]}}",2024-01-28T20:24:16.645809064Z,ended,2024-01-28T21:05:14.605379166Z,"{""name"":""Default individual"",""kind"":""individual"",""duration"":300000000000}",2024-01-28T20:24:16.645809064Z,true,2024-01-28T20:24:16.654209111Z
01HN8VX1H6TR2TRGSSKBCVX9NZ,all games finished,2024-01-28T21:05:16.955660306Z,"{""kind"":""complete"",""config"":{""treatments"":[{""treatment"":{""name"":""experiment2-interactive"",""factors"":{""condition"":""interactive"",""opinion"":""slider"",""playerCount"":4,""trueP"":0.7}},""count"":1},{""treatment"":{""name"":""experiment2-slider"",""factors"":{""condition"":""slider"",""opinion"":""slider"",""playerCount"":4,""trueP"":0.7}},""count"":1}]}}",2024-01-28T20:24:17.190166941Z,ended,2024-01-28T21:05:16.955660306Z,"{""name"":""Default individual"",""kind"":""individual"",""duration"":300000000000}",2024-01-28T20:24:17.190166941Z,true,2024-01-28T20:24:17.197288682Z
01HN8VX21JDA9XFTJ7W4XW0YKK,all games finished,2024-01-28T21:07:19.800781078Z,"{""kind"":""complete"",""config"":{""treatments"":[{""treatment"":{""name"":""experiment2-interactive"",""factors"":{""condition"":""interactive"",""opinion"":""slider"",""playerCount"":4,""trueP"":0.7}},""count"":1},{""treatment"":{""name"":""experiment2-slider"",""factors"":{""condition"":""slider"",""opinion"":""slider"",""playerCount"":4,""trueP"":0.7}},""count"":1}]}}",2024-01-28T20:24:17.715011766Z,ended,2024-01-28T21:07:19.800781078Z,"{""name"":""Default individual"",""kind"":""individual"",""duration"":300000000000}",2024-01-28T20:24:17.715011766Z,true,2024-01-28T20:24:17.721978423Z
01HN8VZPBQGNTXFD4B5M6N9N14,all games finished,2024-01-28T21:07:20.983530506Z,"{""kind"":""complete"",""config"":{""treatments"":[{""treatment"":{""name"":""experiment2-interactive"",""factors"":{""condition"":""interactive"",""opinion"":""slider"",""playerCount"":4,""trueP"":0.7}},""count"":1},{""treatment"":{""name"":""experiment2-slider"",""factors"":{""condition"":""slider"",""opinion"":""slider"",""playerCount"":4,""trueP"":0.7}},""count"":1}]}}",2024-01-28T20:25:44.055321979Z,ended,2024-01-28T21:07:20.983530506Z,"{""name"":""Default individual"",""kind"":""individual"",""duration"":300000000000}",2024-01-28T20:25:44.055321979Z,true,2024-01-28T20:25:44.0705599Z
01HN8VZQ6385TBJCMQWCW3F6N5,all games finished,2024-01-28T21:07:05.383121885Z,"{""kind"":""complete"",""config"":{""treatments"":[{""treatment"":{""name"":""experiment2-interactive"",""factors"":{""condition"":""interactive"",""opinion"":""slider"",""playerCount"":4,""trueP"":0.7}},""count"":1},{""treatment"":{""name"":""experiment2-slider"",""factors"":{""condition"":""slider"",""opinion"":""slider"",""playerCount"":4,""trueP"":0.7}},""count"":1}]}}",2024-01-28T20:25:44.899460305Z,ended,2024-01-28T21:07:05.383121885Z,"{""name"":""Default individual"",""kind"":""individual"",""duration"":300000000000}",2024-01-28T20:25:44.899460305Z,true,2024-01-28T20:25:44.90737291Z
01HN8VZR16580ZT4SNZQ8SE58N,all games finished,2024-01-28T21:08:11.278346731Z,"{""kind"":""complete"",""config"":{""treatments"":[{""treatment"":{""name"":""experiment2-interactive"",""factors"":{""condition"":""interactive"",""opinion"":""slider"",""playerCount"":4,""trueP"":0.7}},""count"":1},{""treatment"":{""name"":""experiment2-slider"",""factors"":{""condition"":""slider"",""opinion"":""slider"",""playerCount"":4,""trueP"":0.7}},""count"":1}]}}",2024-01-28T20:25:45.766736629Z,ended,2024-01-28T21:08:11.278346731Z,"{""name"":""Default individual"",""kind"":""individual"",""duration"":300000000000}",2024-01-28T20:25:45.766736629Z,true,2024-01-28T20:25:45.781368844Z
01HN8VZRTPN82DQXKBBCQP2Y16,all games finished,2024-01-28T21:09:41.235432519Z,"{""kind"":""complete"",""config"":{""treatments"":[{""treatment"":{""name"":""experiment2-interactive"",""factors"":{""condition"":""interactive"",""opinion"":""slider"",""playerCount"":4,""trueP"":0.7}},""count"":1},{""treatment"":{""name"":""experiment2-slider"",""factors"":{""condition"":""slider"",""opinion"":""slider"",""playerCount"":4,""trueP"":0.7}},""count"":1}]}}",2024-01-28T20:25:46.582434759Z,ended,2024-01-28T21:09:41.235432519Z,"{""name"":""Default individual"",""kind"":""individual"",""duration"":300000000000}",2024-01-28T20:25:46.582434759Z,true,2024-01-28T20:25:46.589131459Z
01HN8VZSQBHACG70EQRWE4V1M6,all games finished,2024-01-28T21:10:50.619349926Z,"{""kind"":""complete"",""config"":{""treatments"":[{""treatment"":{""name"":""experiment2-interactive"",""factors"":{""condition"":""interactive"",""opinion"":""slider"",""playerCount"":4,""trueP"":0.7}},""count"":1},{""treatment"":{""name"":""experiment2-slider"",""factors"":{""condition"":""slider"",""opinion"":""slider"",""playerCount"":4,""trueP"":0.7}},""count"":1}]}}",2024-01-28T20:25:47.499692785Z,ended,2024-01-28T21:10:50.619349926Z,"{""name"":""Default individual"",""kind"":""individual"",""duration"":300000000000}",2024-01-28T20:25:47.499692785Z,true,2024-01-28T20:25:47.50937774Z
01HN8W01QKGRSYWHPT5YH6Z3F7,all games finished,2024-01-28T21:12:52.871969415Z,"{""kind"":""complete"",""config"":{""treatments"":[{""treatment"":{""name"":""experiment2-interactive"",""factors"":{""condition"":""interactive"",""opinion"":""slider"",""playerCount"":4,""trueP"":0.7}},""count"":1},{""treatment"":{""name"":""experiment2-slider"",""factors"":{""condition"":""slider"",""opinion"":""slider"",""playerCount"":4,""trueP"":0.7}},""count"":1}]}}",2024-01-28T20:25:55.699581419Z,ended,2024-01-28T21:12:52.871969415Z,"{""name"":""Default individual"",""kind"":""individual"",""duration"":300000000000}",2024-01-28T20:25:55.699581419Z,true,2024-01-28T20:25:55.709636842Z
01HN8W02J0CBY9BN502WMFF3JH,all games finished,2024-01-28T21:13:38.753371558Z,"{""kind"":""complete"",""config"":{""treatments"":[{""treatment"":{""name"":""experiment2-interactive"",""factors"":{""condition"":""interactive"",""opinion"":""slider"",""playerCount"":4,""trueP"":0.7}},""count"":1},{""treatment"":{""name"":""experiment2-slider"",""factors"":{""condition"":""slider"",""opinion"":""slider"",""playerCount"":4,""trueP"":0.7}},""count"":1}]}}",2024-01-28T20:25:56.545009417Z,ended,2024-01-28T21:13:38.753371558Z,"{""name"":""Default individual"",""kind"":""individual"",""duration"":300000000000}",2024-01-28T20:25:56.545009417Z,true,2024-01-28T20:25:56.554319802Z
01HN8W039VXRG1D9R71TSPK405,all games finished,2024-01-28T21:22:45.826679402Z,"{""kind"":""complete"",""config"":{""treatments"":[{""treatment"":{""name"":""experiment2-interactive"",""factors"":{""condition"":""interactive"",""opinion"":""slider"",""playerCount"":4,""trueP"":0.7}},""count"":1},{""treatment"":{""name"":""experiment2-slider"",""factors"":{""condition"":""slider"",""opinion"":""slider"",""playerCount"":4,""trueP"":0.7}},""count"":1}]}}",2024-01-28T20:25:57.307295578Z,ended,2024-01-28T21:22:45.826679402Z,"{""name"":""Default individual"",""kind"":""individual"",""duration"":300000000000}",2024-01-28T20:25:57.307295578Z,true,2024-01-28T20:25:57.315472259Z
01HN8W043VMQ46B4NKEFTZ3767,all games finished,2024-01-28T21:32:09.05821762Z,"{""kind"":""complete"",""config"":{""treatments"":[{""treatment"":{""name"":""experiment2-interactive"",""factors"":{""condition"":""interactive"",""opinion"":""slider"",""playerCount"":4,""trueP"":0.7}},""count"":1},{""treatment"":{""name"":""experiment2-slider"",""factors"":{""condition"":""slider"",""opinion"":""slider"",""playerCount"":4,""trueP"":0.7}},""count"":1}]}}",2024-01-28T20:25:58.139391233Z,ended,2024-01-28T21:32:09.05821762Z,"{""name"":""Default individual"",""kind"":""individual"",""duration"":300000000000}",2024-01-28T20:25:58.139391233Z,true,2024-01-28T20:25:58.147645726Z
01HN8W04VBSXZ8NQV40BWW126M,all games finished,2024-01-28T21:54:36.210979643Z,"{""kind"":""complete"",""config"":{""treatments"":[{""treatment"":{""name"":""experiment2-interactive"",""factors"":{""condition"":""interactive"",""opinion"":""slider"",""playerCount"":4,""trueP"":0.7}},""count"":1},{""treatment"":{""name"":""experiment2-slider"",""factors"":{""condition"":""slider"",""opinion"":""slider"",""playerCount"":4,""trueP"":0.7}},""count"":1}]}}",2024-01-28T20:25:58.891637697Z,ended,2024-01-28T21:54:36.210979643Z,"{""name"":""Default individual"",""kind"":""individual"",""duration"":300000000000}",2024-01-28T20:25:58.891637697Z,true,2024-01-28T20:25:58.901130342Z
01HN8XE7YTSCB33HQRPBP38V5D,all games finished,2024-01-28T21:59:05.390463258Z,"{""kind"":""complete"",""config"":{""treatments"":[{""treatment"":{""name"":""experiment2-interactive"",""factors"":{""condition"":""interactive"",""opinion"":""slider"",""playerCount"":4,""trueP"":0.7}},""count"":1},{""treatment"":{""name"":""experiment2-slider"",""factors"":{""condition"":""slider"",""opinion"":""slider"",""playerCount"":4,""trueP"":0.7}},""count"":1}]}}",2024-01-28T20:51:09.402794374Z,ended,2024-01-28T21:59:05.390463258Z,"{""name"":""Default individual"",""kind"":""individual"",""duration"":300000000000}",2024-01-28T20:51:09.402794374Z,true,2024-01-28T20:51:09.423904002Z
01HN8XE8PN30AJ188M2SVNW2ZQ,,,"{""kind"":""complete"",""config"":{""treatments"":[{""treatment"":{""name"":""experiment2-interactive"",""factors"":{""condition"":""interactive"",""opinion"":""slider"",""playerCount"":4,""trueP"":0.7}},""count"":1},{""treatment"":{""name"":""experiment2-slider"",""factors"":{""condition"":""slider"",""opinion"":""slider"",""playerCount"":4,""trueP"":0.7}},""count"":1}]}}",2024-01-28T20:51:10.165275947Z,running,2024-01-28T20:51:16.223297826Z,"{""name"":""Default individual"",""kind"":""individual"",""duration"":300000000000}",2024-01-28T20:51:10.165275947Z,true,2024-01-28T20:51:10.177021818Z
01HN8XE9B6ABQWH1N1ME226GC2,,,"{""kind"":""complete"",""config"":{""treatments"":[{""treatment"":{""name"":""experiment2-interactive"",""factors"":{""condition"":""interactive"",""opinion"":""slider"",""playerCount"":4,""trueP"":0.7}},""count"":1},{""treatment"":{""name"":""experiment2-slider"",""factors"":{""condition"":""slider"",""opinion"":""slider"",""playerCount"":4,""trueP"":0.7}},""count"":1}]}}",2024-01-28T20:51:10.822909789Z,running,2024-01-28T20:51:15.464492848Z,"{""name"":""Default individual"",""kind"":""individual"",""duration"":300000000000}",2024-01-28T20:51:10.822909789Z,true,2024-01-28T20:51:10.836300695Z
01HN8XE9WV7C1W3B3W7WWP3AZD,,,"{""kind"":""complete"",""config"":{""treatments"":[{""treatment"":{""name"":""experiment2-interactive"",""factors"":{""condition"":""interactive"",""opinion"":""slider"",""playerCount"":4,""trueP"":0.7}},""count"":1},{""treatment"":{""name"":""experiment2-slider"",""factors"":{""condition"":""slider"",""opinion"":""slider"",""playerCount"":4,""trueP"":0.7}},""count"":1}]}}",2024-01-28T20:51:11.387443918Z,running,2024-01-28T20:51:14.089995874Z,"{""name"":""Default individual"",""kind"":""individual"",""duration"":300000000000}",2024-01-28T20:51:11.387443918Z,true,2024-01-28T20:51:11.406508135Z
01HN8XEAEX897BH2DZZJ3AS9NF,,,"{""kind"":""complete"",""config"":{""treatments"":[{""treatment"":{""name"":""experiment2-interactive"",""factors"":{""condition"":""interactive"",""opinion"":""slider"",""playerCount"":4,""trueP"":0.7}},""count"":1},{""treatment"":{""name"":""experiment2-slider"",""factors"":{""condition"":""slider"",""opinion"":""slider"",""playerCount"":4,""trueP"":0.7}},""count"":1}]}}",2024-01-28T20:51:11.965566202Z,running,2024-01-28T20:51:13.40953361Z,"{""name"":""Default individual"",""kind"":""individual"",""duration"":300000000000}",2024-01-28T20:51:11.965566202Z,true,2024-01-28T20:51:11.985971355Z
01HN8Y2QEF5X8TGB0XK55S90BY,,,"{""kind"":""complete"",""config"":{""treatments"":[{""treatment"":{""name"":""experiment2-interactive"",""factors"":{""condition"":""interactive"",""opinion"":""slider"",""playerCount"":4,""trueP"":0.7}},""count"":1},{""treatment"":{""name"":""experiment2-slider"",""factors"":{""condition"":""slider"",""opinion"":""slider"",""playerCount"":4,""trueP"":0.7}},""count"":1}]}}",2024-01-28T21:02:20.623113477Z,running,2024-01-28T21:02:24.985939265Z,"{""name"":""Default individual"",""kind"":""individual"",""duration"":300000000000}",2024-01-28T21:02:20.623113477Z,true,2024-01-28T21:02:20.723518919Z
01HN8Y2R9FHXCV8G0VCX25QHD3,,,"{""kind"":""complete"",""config"":{""treatments"":[{""treatment"":{""name"":""experiment2-interactive"",""factors"":{""condition"":""interactive"",""opinion"":""slider"",""playerCount"":4,""trueP"":0.7}},""count"":1},{""treatment"":{""name"":""experiment2-slider"",""factors"":{""condition"":""slider"",""opinion"":""slider"",""playerCount"":4,""trueP"":0.7}},""count"":1}]}}",2024-01-28T21:02:21.487115464Z,running,2024-01-28T21:02:27.351443735Z,"{""name"":""Default individual"",""kind"":""individual"",""duration"":300000000000}",2024-01-28T21:02:21.487115464Z,true,2024-01-28T21:02:21.643780071Z
﻿id,lobbyConfig,lobbyConfigLastChangedAt,initialized,initializedLastChangedAt,config,configLastChangedAt,status,statusLastChangedAt
01HNDB3WB30T3HSXFKYVFDZJVJ,"{""name"":""Default individual"",""kind"":""individual"",""duration"":300000000000}",2024-01-30T14:07:07.619098285Z,true,2024-01-30T14:07:07.645706085Z,"{""kind"":""complete"",""config"":{""treatments"":[{""treatment"":{""name"":""experiment2-interactive-0.3"",""factors"":{""condition"":""interactive"",""opinion"":""slider"",""playerCount"":4,""trueP"":0.3}},""count"":1},{""treatment"":{""name"":""experiment2-slider-0.3"",""factors"":{""condition"":""slider"",""opinion"":""slider"",""playerCount"":4,""trueP"":0.3}},""count"":1}]}}",2024-01-30T14:07:07.619098285Z,running,2024-01-30T14:07:08.720958195Z
01HNDB3XT775V20QG3EE6AAZMS,"{""name"":""Default individual"",""kind"":""individual"",""duration"":300000000000}",2024-01-30T14:07:09.127774585Z,true,2024-01-30T14:07:09.144549327Z,"{""kind"":""complete"",""config"":{""treatments"":[{""treatment"":{""name"":""experiment2-interactive-0.3"",""factors"":{""condition"":""interactive"",""opinion"":""slider"",""playerCount"":4,""trueP"":0.3}},""count"":1},{""treatment"":{""name"":""experiment2-slider-0.3"",""factors"":{""condition"":""slider"",""opinion"":""slider"",""playerCount"":4,""trueP"":0.3}},""count"":1}]}}",2024-01-30T14:07:09.127774585Z,running,2024-01-30T14:07:14.609641177Z
01HNDB3Y5567ZKBSA8QGT8SQRB,"{""name"":""Default individual"",""kind"":""individual"",""duration"":300000000000}",2024-01-30T14:07:09.477429795Z,true,2024-01-30T14:07:09.488034412Z,"{""kind"":""complete"",""config"":{""treatments"":[{""treatment"":{""name"":""experiment2-interactive-0.3"",""factors"":{""condition"":""interactive"",""opinion"":""slider"",""playerCount"":4,""trueP"":0.3}},""count"":1},{""treatment"":{""name"":""experiment2-slider-0.3"",""factors"":{""condition"":""slider"",""opinion"":""slider"",""playerCount"":4,""trueP"":0.3}},""count"":1}]}}",2024-01-30T14:07:09.477429795Z,running,2024-01-30T14:07:14.033137698Z
01HNDB3YAA8GPV8TCY2YPC4DSG,"{""name"":""Default individual"",""kind"":""individual"",""duration"":300000000000}",2024-01-30T14:07:09.642950151Z,true,2024-01-30T14:07:09.654304823Z,"{""kind"":""complete"",""config"":{""treatments"":[{""treatment"":{""name"":""experiment2-interactive-0.3"",""factors"":{""condition"":""interactive"",""opinion"":""slider"",""playerCount"":4,""trueP"":0.3}},""count"":1},{""treatment"":{""name"":""experiment2-slider-0.3"",""factors"":{""condition"":""slider"",""opinion"":""slider"",""playerCount"":4,""trueP"":0.3}},""count"":1}]}}",2024-01-30T14:07:09.642950151Z,running,2024-01-30T14:07:13.527899315Z
01HNDB3YG3XEJMGM60GYJ06B6A,"{""name"":""Default individual"",""kind"":""individual"",""duration"":300000000000}",2024-01-30T14:07:09.827320665Z,true,2024-01-30T14:07:09.838785371Z,"{""kind"":""complete"",""config"":{""treatments"":[{""treatment"":{""name"":""experiment2-interactive-0.3"",""factors"":{""condition"":""interactive"",""opinion"":""slider"",""playerCount"":4,""trueP"":0.3}},""count"":1},{""treatment"":{""name"":""experiment2-slider-0.3"",""factors"":{""condition"":""slider"",""opinion"":""slider"",""playerCount"":4,""trueP"":0.3}},""count"":1}]}}",2024-01-30T14:07:09.827320665Z,running,2024-01-30T14:07:13.051361266Z
01HNDB3YN9S8XAXV63J7H20C6N,"{""name"":""Default individual"",""kind"":""individual"",""duration"":300000000000}",2024-01-30T14:07:09.99362245Z,true,2024-01-30T14:07:10.005194787Z,"{""kind"":""complete"",""config"":{""treatments"":[{""treatment"":{""name"":""experiment2-interactive-0.3"",""factors"":{""condition"":""interactive"",""opinion"":""slider"",""playerCount"":4,""trueP"":0.3}},""count"":1},{""treatment"":{""name"":""experiment2-slider-0.3"",""factors"":{""condition"":""slider"",""opinion"":""slider"",""playerCount"":4,""trueP"":0.3}},""count"":1}]}}",2024-01-30T14:07:09.99362245Z,running,2024-01-30T14:07:11.835167882Z
01HNDB3YTFQ2CN641FXXKRYXGD,"{""name"":""Default individual"",""kind"":""individual"",""duration"":300000000000}",2024-01-30T14:07:10.159966044Z,true,2024-01-30T14:07:10.172067605Z,"{""kind"":""complete"",""config"":{""treatments"":[{""treatment"":{""name"":""experiment2-interactive-0.3"",""factors"":{""condition"":""interactive"",""opinion"":""slider"",""playerCount"":4,""trueP"":0.3}},""count"":1},{""treatment"":{""name"":""experiment2-slider-0.3"",""factors"":{""condition"":""slider"",""opinion"":""slider"",""playerCount"":4,""trueP"":0.3}},""count"":1}]}}",2024-01-30T14:07:10.159966044Z,running,2024-01-30T14:07:11.177410687Z
01HNDB5A6AJ09E68SSNGTD4HAC,"{""name"":""Default individual"",""kind"":""individual"",""duration"":300000000000}",2024-01-30T14:07:54.570237743Z,true,2024-01-30T14:07:54.585579134Z,"{""kind"":""complete"",""config"":{""treatments"":[{""treatment"":{""name"":""experiment2-interactive-0.3"",""factors"":{""condition"":""interactive"",""opinion"":""slider"",""playerCount"":4,""trueP"":0.3}},""count"":1},{""treatment"":{""name"":""experiment2-slider-0.3"",""factors"":{""condition"":""slider"",""opinion"":""slider"",""playerCount"":4,""trueP"":0.3}},""count"":1}]}}",2024-01-30T14:07:54.570237743Z,running,2024-01-30T14:08:13.661955121Z
01HNDB5ASVD62A8EQ1T8PGXK0A,"{""name"":""Default individual"",""kind"":""individual"",""duration"":300000000000}",2024-01-30T14:07:55.195979458Z,true,2024-01-30T14:07:55.205629724Z,"{""kind"":""complete"",""config"":{""treatments"":[{""treatment"":{""name"":""experiment2-interactive-0.3"",""factors"":{""condition"":""interactive"",""opinion"":""slider"",""playerCount"":4,""trueP"":0.3}},""count"":1},{""treatment"":{""name"":""experiment2-slider-0.3"",""factors"":{""condition"":""slider"",""opinion"":""slider"",""playerCount"":4,""trueP"":0.3}},""count"":1}]}}",2024-01-30T14:07:55.195979458Z,running,2024-01-30T14:08:13.061431644Z
01HNDB5B7WTJYFDJ3M6W00HH2T,"{""name"":""Default individual"",""kind"":""individual"",""duration"":300000000000}",2024-01-30T14:07:55.644311746Z,true,2024-01-30T14:07:55.65566932Z,"{""kind"":""complete"",""config"":{""treatments"":[{""treatment"":{""name"":""experiment2-interactive-0.3"",""factors"":{""condition"":""interactive"",""opinion"":""slider"",""playerCount"":4,""trueP"":0.3}},""count"":1},{""treatment"":{""name"":""experiment2-slider-0.3"",""factors"":{""condition"":""slider"",""opinion"":""slider"",""playerCount"":4,""trueP"":0.3}},""count"":1}]}}",2024-01-30T14:07:55.644311746Z,running,2024-01-30T14:08:11.203048381Z
01HNDB5BTDJSGZRSXF0ZBW6605,"{""name"":""Default individual"",""kind"":""individual"",""duration"":300000000000}",2024-01-30T14:07:56.237217932Z,true,2024-01-30T14:07:56.245871629Z,"{""kind"":""complete"",""config"":{""treatments"":[{""treatment"":{""name"":""experiment2-interactive-0.3"",""factors"":{""condition"":""interactive"",""opinion"":""slider"",""playerCount"":4,""trueP"":0.3}},""count"":1},{""treatment"":{""name"":""experiment2-slider-0.3"",""factors"":{""condition"":""slider"",""opinion"":""slider"",""playerCount"":4,""trueP"":0.3}},""count"":1}]}}",2024-01-30T14:07:56.237217932Z,running,2024-01-30T14:08:09.269182652Z
01HNDB5C7AE94BDGGT9MTJ79XF,"{""name"":""Default individual"",""kind"":""individual"",""duration"":300000000000}",2024-01-30T14:07:56.650928301Z,true,2024-01-30T14:07:56.662204132Z,"{""kind"":""complete"",""config"":{""treatments"":[{""treatment"":{""name"":""experiment2-interactive-0.3"",""factors"":{""condition"":""interactive"",""opinion"":""slider"",""playerCount"":4,""trueP"":0.3}},""count"":1},{""treatment"":{""name"":""experiment2-slider-0.3"",""factors"":{""condition"":""slider"",""opinion"":""slider"",""playerCount"":4,""trueP"":0.3}},""count"":1}]}}",2024-01-30T14:07:56.650928301Z,running,2024-01-30T14:08:08.64303154Z
01HNDB5CKWJKY2SEXMBPH7K3BN,"{""name"":""Default individual"",""kind"":""individual"",""duration"":300000000000}",2024-01-30T14:07:57.052802974Z,true,2024-01-30T14:07:57.061600749Z,"{""kind"":""complete"",""config"":{""treatments"":[{""treatment"":{""name"":""experiment2-interactive-0.3"",""factors"":{""condition"":""interactive"",""opinion"":""slider"",""playerCount"":4,""trueP"":0.3}},""count"":1},{""treatment"":{""name"":""experiment2-slider-0.3"",""factors"":{""condition"":""slider"",""opinion"":""slider"",""playerCount"":4,""trueP"":0.3}},""count"":1}]}}",2024-01-30T14:07:57.052802974Z,running,2024-01-30T14:08:07.203864267Z
01HNDB5D1ZT5473A8F58EN9M12,"{""name"":""Default individual"",""kind"":""individual"",""duration"":300000000000}",2024-01-30T14:07:57.503485196Z,true,2024-01-30T14:07:57.515653914Z,"{""kind"":""complete"",""config"":{""treatments"":[{""treatment"":{""name"":""experiment2-interactive-0.3"",""factors"":{""condition"":""interactive"",""opinion"":""slider"",""playerCount"":4,""trueP"":0.3}},""count"":1},{""treatment"":{""name"":""experiment2-slider-0.3"",""factors"":{""condition"":""slider"",""opinion"":""slider"",""playerCount"":4,""trueP"":0.3}},""count"":1}]}}",2024-01-30T14:07:57.503485196Z,running,2024-01-30T14:08:06.633399858Z
01HNDB5DEFPA22NZGBKT5Y3S1P,"{""name"":""Default individual"",""kind"":""individual"",""duration"":300000000000}",2024-01-30T14:07:57.903671044Z,true,2024-01-30T14:07:57.912456572Z,"{""kind"":""complete"",""config"":{""treatments"":[{""treatment"":{""name"":""experiment2-interactive-0.3"",""factors"":{""condition"":""interactive"",""opinion"":""slider"",""playerCount"":4,""trueP"":0.3}},""count"":1},{""treatment"":{""name"":""experiment2-slider-0.3"",""factors"":{""condition"":""slider"",""opinion"":""slider"",""playerCount"":4,""trueP"":0.3}},""count"":1}]}}",2024-01-30T14:07:57.903671044Z,running,2024-01-30T14:08:05.76956041Z
01HNDB5DTDHJK365VNJM22GK6A,"{""name"":""Default individual"",""kind"":""individual"",""duration"":300000000000}",2024-01-30T14:07:58.285293494Z,true,2024-01-30T14:07:58.294590321Z,"{""kind"":""complete"",""config"":{""treatments"":[{""treatment"":{""name"":""experiment2-interactive-0.3"",""factors"":{""condition"":""interactive"",""opinion"":""slider"",""playerCount"":4,""trueP"":0.3}},""count"":1},{""treatment"":{""name"":""experiment2-slider-0.3"",""factors"":{""condition"":""slider"",""opinion"":""slider"",""playerCount"":4,""trueP"":0.3}},""count"":1}]}}",2024-01-30T14:07:58.285293494Z,running,2024-01-30T14:08:04.868673958Z
01HNDB5E6TKEYTV38YYY67DTEY,"{""name"":""Default individual"",""kind"":""individual"",""duration"":300000000000}",2024-01-30T14:07:58.683031976Z,true,2024-01-30T14:07:58.693359798Z,"{""kind"":""complete"",""config"":{""treatments"":[{""treatment"":{""name"":""experiment2-interactive-0.3"",""factors"":{""condition"":""interactive"",""opinion"":""slider"",""playerCount"":4,""trueP"":0.3}},""count"":1},{""treatment"":{""name"":""experiment2-slider-0.3"",""factors"":{""condition"":""slider"",""opinion"":""slider"",""playerCount"":4,""trueP"":0.3}},""count"":1}]}}",2024-01-30T14:07:58.683031976Z,running,2024-01-30T14:08:03.761868093Z
01HNDB5EKD7SCAKARYE683V2MR,"{""name"":""Default individual"",""kind"":""individual"",""duration"":300000000000}",2024-01-30T14:07:59.085344495Z,true,2024-01-30T14:07:59.09577477Z,"{""kind"":""complete"",""config"":{""treatments"":[{""treatment"":{""name"":""experiment2-interactive-0.3"",""factors"":{""condition"":""interactive"",""opinion"":""slider"",""playerCount"":4,""trueP"":0.3}},""count"":1},{""treatment"":{""name"":""experiment2-slider-0.3"",""factors"":{""condition"":""slider"",""opinion"":""slider"",""playerCount"":4,""trueP"":0.3}},""count"":1}]}}",2024-01-30T14:07:59.085344495Z,running,2024-01-30T14:08:03.250963517Z
01HNDB5EZ52MNAAVDE9K13R6H8,"{""name"":""Default individual"",""kind"":""individual"",""duration"":300000000000}",2024-01-30T14:07:59.461410802Z,true,2024-01-30T14:07:59.470492799Z,"{""kind"":""complete"",""config"":{""treatments"":[{""treatment"":{""name"":""experiment2-interactive-0.3"",""factors"":{""condition"":""interactive"",""opinion"":""slider"",""playerCount"":4,""trueP"":0.3}},""count"":1},{""treatment"":{""name"":""experiment2-slider-0.3"",""factors"":{""condition"":""slider"",""opinion"":""slider"",""playerCount"":4,""trueP"":0.3}},""count"":1}]}}",2024-01-30T14:07:59.461410802Z,running,2024-01-30T14:08:01.776442942Z
01HNDB5FBN3A58GAJYQ8T9R760,"{""name"":""Default individual"",""kind"":""individual"",""duration"":300000000000}",2024-01-30T14:07:59.861705592Z,true,2024-01-30T14:07:59.872045087Z,"{""kind"":""complete"",""config"":{""treatments"":[{""treatment"":{""name"":""experiment2-interactive-0.3"",""factors"":{""condition"":""interactive"",""opinion"":""slider"",""playerCount"":4,""trueP"":0.3}},""count"":1},{""treatment"":{""name"":""experiment2-slider-0.3"",""factors"":{""condition"":""slider"",""opinion"":""slider"",""playerCount"":4,""trueP"":0.3}},""count"":1}]}}",2024-01-30T14:07:59.861705592Z,running,2024-01-30T14:08:01.202857352Z
01HNDBTM6FKT59ARNP8YS8R2NY,"{""name"":""Default individual"",""kind"":""individual"",""duration"":300000000000}",2024-01-30T14:19:32.943989231Z,true,2024-01-30T14:19:33.000274758Z,"{""kind"":""complete"",""config"":{""treatments"":[{""treatment"":{""name"":""experiment2-interactive-0.3"",""factors"":{""condition"":""interactive"",""opinion"":""slider"",""playerCount"":4,""trueP"":0.3}},""count"":1},{""treatment"":{""name"":""experiment2-slider-0.3"",""factors"":{""condition"":""slider"",""opinion"":""slider"",""playerCount"":4,""trueP"":0.3}},""count"":1}]}}",2024-01-30T14:19:32.943989231Z,running,2024-01-30T14:19:40.561866935Z
01HNDBTMRTZXKS86QQRHRSSDET,"{""name"":""Default individual"",""kind"":""individual"",""duration"":300000000000}",2024-01-30T14:19:33.530753797Z,true,2024-01-30T14:19:33.556349948Z,"{""kind"":""complete"",""config"":{""treatments"":[{""treatment"":{""name"":""experiment2-interactive-0.3"",""factors"":{""condition"":""interactive"",""opinion"":""slider"",""playerCount"":4,""trueP"":0.3}},""count"":1},{""treatment"":{""name"":""experiment2-slider-0.3"",""factors"":{""condition"":""slider"",""opinion"":""slider"",""playerCount"":4,""trueP"":0.3}},""count"":1}]}}",2024-01-30T14:19:33.530753797Z,running,2024-01-30T14:19:39.847807493Z
01HNDBTN7XZCSWSX87SBE1SCA6,"{""name"":""Default individual"",""kind"":""individual"",""duration"":300000000000}",2024-01-30T14:19:34.013722105Z,true,2024-01-30T14:19:34.043510167Z,"{""kind"":""complete"",""config"":{""treatments"":[{""treatment"":{""name"":""experiment2-interactive-0.3"",""factors"":{""condition"":""interactive"",""opinion"":""slider"",""playerCount"":4,""trueP"":0.3}},""count"":1},{""treatment"":{""name"":""experiment2-slider-0.3"",""factors"":{""condition"":""slider"",""opinion"":""slider"",""playerCount"":4,""trueP"":0.3}},""count"":1}]}}",2024-01-30T14:19:34.013722105Z,running,2024-01-30T14:19:39.297408193Z
01HNDBTNNT9SCQKJKD20HXFXH3,"{""name"":""Default individual"",""kind"":""individual"",""duration"":300000000000}",2024-01-30T14:19:34.458103068Z,true,2024-01-30T14:19:34.522540843Z,"{""kind"":""complete"",""config"":{""treatments"":[{""treatment"":{""name"":""experiment2-interactive-0.3"",""factors"":{""condition"":""interactive"",""opinion"":""slider"",""playerCount"":4,""trueP"":0.3}},""count"":1},{""treatment"":{""name"":""experiment2-slider-0.3"",""factors"":{""condition"":""slider"",""opinion"":""slider"",""playerCount"":4,""trueP"":0.3}},""count"":1}]}}",2024-01-30T14:19:34.458103068Z,running,2024-01-30T14:19:37.31297859Z
01HNDBTP3T16ASA9TC5FCTX31F,"{""name"":""Default individual"",""kind"":""individual"",""duration"":300000000000}",2024-01-30T14:19:34.906612611Z,true,2024-01-30T14:19:34.958677872Z,"{""kind"":""complete"",""config"":{""treatments"":[{""treatment"":{""name"":""experiment2-interactive-0.3"",""factors"":{""condition"":""interactive"",""opinion"":""slider"",""playerCount"":4,""trueP"":0.3}},""count"":1},{""treatment"":{""name"":""experiment2-slider-0.3"",""factors"":{""condition"":""slider"",""opinion"":""slider"",""playerCount"":4,""trueP"":0.3}},""count"":1}]}}",2024-01-30T14:19:34.906612611Z,running,2024-01-30T14:19:36.337314647Z
﻿id,endedReason,endedReasonLastChangedAt,config,configLastChangedAt,status,statusLastChangedAt,lobbyConfig,lobbyConfigLastChangedAt,initialized,initializedLastChangedAt
01HNDC24XVX52SMTNY59XNXGAF,all games finished,2024-01-30T14:32:37.218087027Z,"{""kind"":""complete"",""config"":{""treatments"":[{""treatment"":{""name"":""experiment2-interactive"",""factors"":{""condition"":""interactive"",""opinion"":""slider"",""playerCount"":4,""trueP"":0.3}},""count"":1},{""treatment"":{""name"":""experiment2-slider"",""factors"":{""condition"":""slider"",""opinion"":""slider"",""playerCount"":4,""trueP"":0.3}},""count"":1}]}}",2024-01-30T14:23:39.451841018Z,ended,2024-01-30T14:32:37.218087027Z,"{""name"":""Default individual"",""kind"":""individual"",""duration"":300000000000}",2024-01-30T14:23:39.451841018Z,true,2024-01-30T14:23:39.485977521Z
01HNDC2A4FBQ000N9557VJ501H,all games finished,2024-01-30T14:33:36.069663126Z,"{""kind"":""complete"",""config"":{""treatments"":[{""treatment"":{""name"":""experiment2-interactive"",""factors"":{""condition"":""interactive"",""opinion"":""slider"",""playerCount"":4,""trueP"":0.3}},""count"":1},{""treatment"":{""name"":""experiment2-slider"",""factors"":{""condition"":""slider"",""opinion"":""slider"",""playerCount"":4,""trueP"":0.3}},""count"":1}]}}",2024-01-30T14:23:44.783214522Z,ended,2024-01-30T14:33:36.069663126Z,"{""name"":""Default individual"",""kind"":""individual"",""duration"":300000000000}",2024-01-30T14:23:44.783214522Z,true,2024-01-30T14:23:44.798036146Z
01HNDC2AJEJ0PA3YDXT72HTGD2,all games finished,2024-01-30T14:33:13.942971495Z,"{""kind"":""complete"",""config"":{""treatments"":[{""treatment"":{""name"":""experiment2-interactive"",""factors"":{""condition"":""interactive"",""opinion"":""slider"",""playerCount"":4,""trueP"":0.3}},""count"":1},{""treatment"":{""name"":""experiment2-slider"",""factors"":{""condition"":""slider"",""opinion"":""slider"",""playerCount"":4,""trueP"":0.3}},""count"":1}]}}",2024-01-30T14:23:45.230294234Z,ended,2024-01-30T14:33:13.942971495Z,"{""name"":""Default individual"",""kind"":""individual"",""duration"":300000000000}",2024-01-30T14:23:45.230294234Z,true,2024-01-30T14:23:45.24650624Z
01HNDC2AR4JECJS10ED1GS89EN,all games finished,2024-01-30T14:34:13.958866233Z,"{""kind"":""complete"",""config"":{""treatments"":[{""treatment"":{""name"":""experiment2-interactive"",""factors"":{""condition"":""interactive"",""opinion"":""slider"",""playerCount"":4,""trueP"":0.3}},""count"":1},{""treatment"":{""name"":""experiment2-slider"",""factors"":{""condition"":""slider"",""opinion"":""slider"",""playerCount"":4,""trueP"":0.3}},""count"":1}]}}",2024-01-30T14:23:45.41299094Z,ended,2024-01-30T14:34:13.958866233Z,"{""name"":""Default individual"",""kind"":""individual"",""duration"":300000000000}",2024-01-30T14:23:45.41299094Z,true,2024-01-30T14:23:45.423345929Z
01HNDC2AXW25WT5N58811CM7PF,all games finished,2024-01-30T14:34:27.696909895Z,"{""kind"":""complete"",""config"":{""treatments"":[{""treatment"":{""name"":""experiment2-interactive"",""factors"":{""condition"":""interactive"",""opinion"":""slider"",""playerCount"":4,""trueP"":0.3}},""count"":1},{""treatment"":{""name"":""experiment2-slider"",""factors"":{""condition"":""slider"",""opinion"":""slider"",""playerCount"":4,""trueP"":0.3}},""count"":1}]}}",2024-01-30T14:23:45.59620101Z,ended,2024-01-30T14:34:27.696909895Z,"{""name"":""Default individual"",""kind"":""individual"",""duration"":300000000000}",2024-01-30T14:23:45.59620101Z,true,2024-01-30T14:23:45.612212576Z
01HNDC2B2JZM9FDE71GANAG477,all games finished,2024-01-30T14:33:44.395097417Z,"{""kind"":""complete"",""config"":{""treatments"":[{""treatment"":{""name"":""experiment2-interactive"",""factors"":{""condition"":""interactive"",""opinion"":""slider"",""playerCount"":4,""trueP"":0.3}},""count"":1},{""treatment"":{""name"":""experiment2-slider"",""factors"":{""condition"":""slider"",""opinion"":""slider"",""playerCount"":4,""trueP"":0.3}},""count"":1}]}}",2024-01-30T14:23:45.746677671Z,ended,2024-01-30T14:33:44.395097417Z,"{""name"":""Default individual"",""kind"":""individual"",""duration"":300000000000}",2024-01-30T14:23:45.746677671Z,true,2024-01-30T14:23:45.762123632Z
01HNDC2B7TVF69V3JA57K75TE4,all games finished,2024-01-30T14:35:10.646144891Z,"{""kind"":""complete"",""config"":{""treatments"":[{""treatment"":{""name"":""experiment2-interactive"",""factors"":{""condition"":""interactive"",""opinion"":""slider"",""playerCount"":4,""trueP"":0.3}},""count"":1},{""treatment"":{""name"":""experiment2-slider"",""factors"":{""condition"":""slider"",""opinion"":""slider"",""playerCount"":4,""trueP"":0.3}},""count"":1}]}}",2024-01-30T14:23:45.914941946Z,ended,2024-01-30T14:35:10.646144891Z,"{""name"":""Default individual"",""kind"":""individual"",""duration"":300000000000}",2024-01-30T14:23:45.914941946Z,true,2024-01-30T14:23:45.929806583Z
01HNDC2BCF2Q04EJEDP07GAD7W,all games finished,2024-01-30T14:35:16.325100069Z,"{""kind"":""complete"",""config"":{""treatments"":[{""treatment"":{""name"":""experiment2-interactive"",""factors"":{""condition"":""interactive"",""opinion"":""slider"",""playerCount"":4,""trueP"":0.3}},""count"":1},{""treatment"":{""name"":""experiment2-slider"",""factors"":{""condition"":""slider"",""opinion"":""slider"",""playerCount"":4,""trueP"":0.3}},""count"":1}]}}",2024-01-30T14:23:46.063583382Z,ended,2024-01-30T14:35:16.325100069Z,"{""name"":""Default individual"",""kind"":""individual"",""duration"":300000000000}",2024-01-30T14:23:46.063583382Z,true,2024-01-30T14:23:46.081795323Z
01HNDC2BH6A3SBS8BVE2ZJJ5GS,all games finished,2024-01-30T14:35:49.474542856Z,"{""kind"":""complete"",""config"":{""treatments"":[{""treatment"":{""name"":""experiment2-interactive"",""factors"":{""condition"":""interactive"",""opinion"":""slider"",""playerCount"":4,""trueP"":0.3}},""count"":1},{""treatment"":{""name"":""experiment2-slider"",""factors"":{""condition"":""slider"",""opinion"":""slider"",""playerCount"":4,""trueP"":0.3}},""count"":1}]}}",2024-01-30T14:23:46.214889232Z,ended,2024-01-30T14:35:49.474542856Z,"{""name"":""Default individual"",""kind"":""individual"",""duration"":300000000000}",2024-01-30T14:23:46.214889232Z,true,2024-01-30T14:23:46.226678222Z
01HNDC2BPDY9CHK7S2KNGBSVBC,all games finished,2024-01-30T14:35:39.977974851Z,"{""kind"":""complete"",""config"":{""treatments"":[{""treatment"":{""name"":""experiment2-interactive"",""factors"":{""condition"":""interactive"",""opinion"":""slider"",""playerCount"":4,""trueP"":0.3}},""count"":1},{""treatment"":{""name"":""experiment2-slider"",""factors"":{""condition"":""slider"",""opinion"":""slider"",""playerCount"":4,""trueP"":0.3}},""count"":1}]}}",2024-01-30T14:23:46.381198483Z,ended,2024-01-30T14:35:39.977974851Z,"{""name"":""Default individual"",""kind"":""individual"",""duration"":300000000000}",2024-01-30T14:23:46.381198483Z,true,2024-01-30T14:23:46.39872937Z
01HNDC2SCDA2PS3G1H5HTTA4BW,all games finished,2024-01-30T14:39:46.196801405Z,"{""kind"":""complete"",""config"":{""treatments"":[{""treatment"":{""name"":""experiment2-interactive"",""factors"":{""condition"":""interactive"",""opinion"":""slider"",""playerCount"":4,""trueP"":0.3}},""count"":1},{""treatment"":{""name"":""experiment2-slider"",""factors"":{""condition"":""slider"",""opinion"":""slider"",""playerCount"":4,""trueP"":0.3}},""count"":1}]}}",2024-01-30T14:24:00.397857532Z,ended,2024-01-30T14:39:46.196801405Z,"{""name"":""Default individual"",""kind"":""individual"",""duration"":300000000000}",2024-01-30T14:24:00.397857532Z,true,2024-01-30T14:24:00.414849262Z
01HNDC2SJ65AP7H2DT0N9NGY4A,,,"{""kind"":""complete"",""config"":{""treatments"":[{""treatment"":{""name"":""experiment2-interactive"",""factors"":{""condition"":""interactive"",""opinion"":""slider"",""playerCount"":4,""trueP"":0.3}},""count"":1},{""treatment"":{""name"":""experiment2-slider"",""factors"":{""condition"":""slider"",""opinion"":""slider"",""playerCount"":4,""trueP"":0.3}},""count"":1}]}}",2024-01-30T14:24:00.582394153Z,running,2024-01-30T14:24:04.815214163Z,"{""name"":""Default individual"",""kind"":""individual"",""duration"":300000000000}",2024-01-30T14:24:00.582394153Z,true,2024-01-30T14:24:00.59958583Z
01HNDC2SZRQFKQY4T3TCVR8R41,,,"{""kind"":""complete"",""config"":{""treatments"":[{""treatment"":{""name"":""experiment2-interactive"",""factors"":{""condition"":""interactive"",""opinion"":""slider"",""playerCount"":4,""trueP"":0.3}},""count"":1},{""treatment"":{""name"":""experiment2-slider"",""factors"":{""condition"":""slider"",""opinion"":""slider"",""playerCount"":4,""trueP"":0.3}},""count"":1}]}}",2024-01-30T14:24:01.016431465Z,running,2024-01-30T14:24:04.067297227Z,"{""name"":""Default individual"",""kind"":""individual"",""duration"":300000000000}",2024-01-30T14:24:01.016431465Z,true,2024-01-30T14:24:01.033114753Z
01HNDC2T4B5RG8B9H5Q1KE1XB6,,,"{""kind"":""complete"",""config"":{""treatments"":[{""treatment"":{""name"":""experiment2-interactive"",""factors"":{""condition"":""interactive"",""opinion"":""slider"",""playerCount"":4,""trueP"":0.3}},""count"":1},{""treatment"":{""name"":""experiment2-slider"",""factors"":{""condition"":""slider"",""opinion"":""slider"",""playerCount"":4,""trueP"":0.3}},""count"":1}]}}",2024-01-30T14:24:01.163314365Z,running,2024-01-30T14:24:03.297016224Z,"{""name"":""Default individual"",""kind"":""individual"",""duration"":300000000000}",2024-01-30T14:24:01.163314365Z,true,2024-01-30T14:24:01.178582806Z
01HNDC2T9086DX7XT72GXZ7QDP,,,"{""kind"":""complete"",""config"":{""treatments"":[{""treatment"":{""name"":""experiment2-interactive"",""factors"":{""condition"":""interactive"",""opinion"":""slider"",""playerCount"":4,""trueP"":0.3}},""count"":1},{""treatment"":{""name"":""experiment2-slider"",""factors"":{""condition"":""slider"",""opinion"":""slider"",""playerCount"":4,""trueP"":0.3}},""count"":1}]}}",2024-01-30T14:24:01.312686053Z,running,2024-01-30T14:24:02.68310388Z,"{""name"":""Default individual"",""kind"":""individual"",""duration"":300000000000}",2024-01-30T14:24:01.312686053Z,true,2024-01-30T14:24:01.341828806Z
01HNDC8WN0SQ1BT1JH2SZ09W6V,,,"{""kind"":""complete"",""config"":{""treatments"":[{""treatment"":{""name"":""experiment2-interactive"",""factors"":{""condition"":""interactive"",""opinion"":""slider"",""playerCount"":4,""trueP"":0.3}},""count"":1},{""treatment"":{""name"":""experiment2-slider"",""factors"":{""condition"":""slider"",""opinion"":""slider"",""playerCount"":4,""trueP"":0.3}},""count"":1}]}}",2024-01-30T14:27:20.352502019Z,running,2024-01-30T14:27:25.491737892Z,"{""name"":""Default individual"",""kind"":""individual"",""duration"":300000000000}",2024-01-30T14:27:20.352502019Z,true,2024-01-30T14:27:20.382297216Z
01HNDC8X8QKHH4TBVM970W86SP,,,"{""kind"":""complete"",""config"":{""treatments"":[{""treatment"":{""name"":""experiment2-interactive"",""factors"":{""condition"":""interactive"",""opinion"":""slider"",""playerCount"":4,""trueP"":0.3}},""count"":1},{""treatment"":{""name"":""experiment2-slider"",""factors"":{""condition"":""slider"",""opinion"":""slider"",""playerCount"":4,""trueP"":0.3}},""count"":1}]}}",2024-01-30T14:27:20.98352028Z,running,2024-01-30T14:27:24.599205476Z,"{""name"":""Default individual"",""kind"":""individual"",""duration"":300000000000}",2024-01-30T14:27:20.98352028Z,true,2024-01-30T14:27:21.013815951Z
01HNDC8XW0KNX09V30K2VN023V,,,"{""kind"":""complete"",""config"":{""treatments"":[{""treatment"":{""name"":""experiment2-interactive"",""factors"":{""condition"":""interactive"",""opinion"":""slider"",""playerCount"":4,""trueP"":0.3}},""count"":1},{""treatment"":{""name"":""experiment2-slider"",""factors"":{""condition"":""slider"",""opinion"":""slider"",""playerCount"":4,""trueP"":0.3}},""count"":1}]}}",2024-01-30T14:27:21.600685303Z,running,2024-01-30T14:27:23.882085419Z,"{""name"":""Default individual"",""kind"":""individual"",""duration"":300000000000}",2024-01-30T14:27:21.600685303Z,true,2024-01-30T14:27:21.619190443Z
01HNDCKXT5BWN03BRSZ1Q9H6D2,,,"{""kind"":""complete"",""config"":{""treatments"":[{""treatment"":{""name"":""experiment2-interactive"",""factors"":{""condition"":""interactive"",""opinion"":""slider"",""playerCount"":4,""trueP"":0.3}},""count"":1},{""treatment"":{""name"":""experiment2-slider"",""factors"":{""condition"":""slider"",""opinion"":""slider"",""playerCount"":4,""trueP"":0.3}},""count"":1}]}}",2024-01-30T14:33:21.98930937Z,running,2024-01-30T14:33:26.735122012Z,"{""name"":""Default individual"",""kind"":""individual"",""duration"":300000000000}",2024-01-30T14:33:21.98930937Z,true,2024-01-30T14:33:22.098211676Z
01HNDCKYD2B0HKMJ8T9R0E8NZJ,,,"{""kind"":""complete"",""config"":{""treatments"":[{""treatment"":{""name"":""experiment2-interactive"",""factors"":{""condition"":""interactive"",""opinion"":""slider"",""playerCount"":4,""trueP"":0.3}},""count"":1},{""treatment"":{""name"":""experiment2-slider"",""factors"":{""condition"":""slider"",""opinion"":""slider"",""playerCount"":4,""trueP"":0.3}},""count"":1}]}}",2024-01-30T14:33:22.594151658Z,running,2024-01-30T14:33:25.979960402Z,"{""name"":""Default individual"",""kind"":""individual"",""duration"":300000000000}",2024-01-30T14:33:22.594151658Z,true,2024-01-30T14:33:22.761522243Z
01HNDCKYYBNCG56ZDXYNKJNHBF,,,"{""kind"":""complete"",""config"":{""treatments"":[{""treatment"":{""name"":""experiment2-interactive"",""factors"":{""condition"":""interactive"",""opinion"":""slider"",""playerCount"":4,""trueP"":0.3}},""count"":1},{""treatment"":{""name"":""experiment2-slider"",""factors"":{""condition"":""slider"",""opinion"":""slider"",""playerCount"":4,""trueP"":0.3}},""count"":1}]}}",2024-01-30T14:33:23.14726046Z,running,2024-01-30T14:33:24.400713842Z,"{""name"":""Default individual"",""kind"":""individual"",""duration"":300000000000}",2024-01-30T14:33:23.14726046Z,true,2024-01-30T14:33:23.286195096Z
01HNDCMRB31JAK0Q2FZE6FJDQB,,,"{""kind"":""complete"",""config"":{""treatments"":[{""treatment"":{""name"":""experiment2-interactive"",""factors"":{""condition"":""interactive"",""opinion"":""slider"",""playerCount"":4,""trueP"":0.3}},""count"":1},{""treatment"":{""name"":""experiment2-slider"",""factors"":{""condition"":""slider"",""opinion"":""slider"",""playerCount"":4,""trueP"":0.3}},""count"":1}]}}",2024-01-30T14:33:49.155910543Z,running,2024-01-30T14:33:51.989984963Z,"{""name"":""Default individual"",""kind"":""individual"",""duration"":300000000000}",2024-01-30T14:33:49.155910543Z,true,2024-01-30T14:33:49.686411628Z
01HNDCMS04XKGKD17BFDM2XC9J,,,"{""kind"":""complete"",""config"":{""treatments"":[{""treatment"":{""name"":""experiment2-interactive"",""factors"":{""condition"":""interactive"",""opinion"":""slider"",""playerCount"":4,""trueP"":0.3}},""count"":1},{""treatment"":{""name"":""experiment2-slider"",""factors"":{""condition"":""slider"",""opinion"":""slider"",""playerCount"":4,""trueP"":0.3}},""count"":1}]}}",2024-01-30T14:33:49.828586606Z,running,2024-01-30T14:33:50.784051998Z,"{""name"":""Default individual"",""kind"":""individual"",""duration"":300000000000}",2024-01-30T14:33:49.828586606Z,true,2024-01-30T14:33:50.590192284Z
01HNDCNTAG9GXCWZ2889JTX98B,,,"{""kind"":""complete"",""config"":{""treatments"":[{""treatment"":{""name"":""experiment2-interactive"",""factors"":{""condition"":""interactive"",""opinion"":""slider"",""playerCount"":4,""trueP"":0.3}},""count"":1},{""treatment"":{""name"":""experiment2-slider"",""factors"":{""condition"":""slider"",""opinion"":""slider"",""playerCount"":4,""trueP"":0.3}},""count"":1}]}}",2024-01-30T14:34:23.952256738Z,running,2024-01-30T14:34:26.965297219Z,"{""name"":""Default individual"",""kind"":""individual"",""duration"":300000000000}",2024-01-30T14:34:23.952256738Z,true,2024-01-30T14:34:24.019935308Z
01HNDCNTXARHZAJ6FP8KH33NWM,,,"{""kind"":""complete"",""config"":{""treatments"":[{""treatment"":{""name"":""experiment2-interactive"",""factors"":{""condition"":""interactive"",""opinion"":""slider"",""playerCount"":4,""trueP"":0.3}},""count"":1},{""treatment"":{""name"":""experiment2-slider"",""factors"":{""condition"":""slider"",""opinion"":""slider"",""playerCount"":4,""trueP"":0.3}},""count"":1}]}}",2024-01-30T14:34:24.554137737Z,running,2024-01-30T14:34:25.942321806Z,"{""name"":""Default individual"",""kind"":""individual"",""duration"":300000000000}",2024-01-30T14:34:24.554137737Z,true,2024-01-30T14:34:24.775645099Z
﻿id,lobbyConfig,lobbyConfigLastChangedAt,initialized,initializedLastChangedAt,endedReason,endedReasonLastChangedAt,config,configLastChangedAt,status,statusLastChangedAt
01HNDD7AZ71N8E9Q8R5MXCW09X,"{""name"":""Default individual"",""kind"":""individual"",""duration"":300000000000}",2024-01-30T14:43:58.055427858Z,true,2024-01-30T14:43:58.07804042Z,all games finished,2024-01-30T14:53:05.001052631Z,"{""kind"":""complete"",""config"":{""treatments"":[{""treatment"":{""name"":""experiment2-interactive"",""factors"":{""condition"":""interactive"",""opinion"":""slider"",""playerCount"":4,""trueP"":0.3}},""count"":1},{""treatment"":{""name"":""experiment2-slider"",""factors"":{""condition"":""slider"",""opinion"":""slider"",""playerCount"":4,""trueP"":0.3}},""count"":1}]}}",2024-01-30T14:43:58.055427858Z,ended,2024-01-30T14:53:05.001052631Z
01HNDD7CMER0D7FW6SZ6T050B6,"{""name"":""Default individual"",""kind"":""individual"",""duration"":300000000000}",2024-01-30T14:43:59.758218587Z,true,2024-01-30T14:43:59.77048027Z,all games finished,2024-01-30T14:54:48.831194941Z,"{""kind"":""complete"",""config"":{""treatments"":[{""treatment"":{""name"":""experiment2-interactive"",""factors"":{""condition"":""interactive"",""opinion"":""slider"",""playerCount"":4,""trueP"":0.3}},""count"":1},{""treatment"":{""name"":""experiment2-slider"",""factors"":{""condition"":""slider"",""opinion"":""slider"",""playerCount"":4,""trueP"":0.3}},""count"":1}]}}",2024-01-30T14:43:59.758218587Z,ended,2024-01-30T14:54:48.831194941Z
01HNDD7D7K1SB8JVBQNAXA59EA,"{""name"":""Default individual"",""kind"":""individual"",""duration"":300000000000}",2024-01-30T14:44:00.371537408Z,true,2024-01-30T14:44:00.38338562Z,all games finished,2024-01-30T14:54:11.687143368Z,"{""kind"":""complete"",""config"":{""treatments"":[{""treatment"":{""name"":""experiment2-interactive"",""factors"":{""condition"":""interactive"",""opinion"":""slider"",""playerCount"":4,""trueP"":0.3}},""count"":1},{""treatment"":{""name"":""experiment2-slider"",""factors"":{""condition"":""slider"",""opinion"":""slider"",""playerCount"":4,""trueP"":0.3}},""count"":1}]}}",2024-01-30T14:44:00.371537408Z,ended,2024-01-30T14:54:11.687143368Z
01HNDD7DCWA2H12T80JVFYY4MB,"{""name"":""Default individual"",""kind"":""individual"",""duration"":300000000000}",2024-01-30T14:44:00.540803415Z,true,2024-01-30T14:44:00.551101015Z,all games finished,2024-01-30T14:57:01.058468629Z,"{""kind"":""complete"",""config"":{""treatments"":[{""treatment"":{""name"":""experiment2-interactive"",""factors"":{""condition"":""interactive"",""opinion"":""slider"",""playerCount"":4,""trueP"":0.3}},""count"":1},{""treatment"":{""name"":""experiment2-slider"",""factors"":{""condition"":""slider"",""opinion"":""slider"",""playerCount"":4,""trueP"":0.3}},""count"":1}]}}",2024-01-30T14:44:00.540803415Z,ended,2024-01-30T14:57:01.058468629Z
01HNDD7DJ1NA0SSKZ1VHEG0W37,"{""name"":""Default individual"",""kind"":""individual"",""duration"":300000000000}",2024-01-30T14:44:00.705504579Z,true,2024-01-30T14:44:00.714562359Z,all games finished,2024-01-30T14:57:37.501609503Z,"{""kind"":""complete"",""config"":{""treatments"":[{""treatment"":{""name"":""experiment2-interactive"",""factors"":{""condition"":""interactive"",""opinion"":""slider"",""playerCount"":4,""trueP"":0.3}},""count"":1},{""treatment"":{""name"":""experiment2-slider"",""factors"":{""condition"":""slider"",""opinion"":""slider"",""playerCount"":4,""trueP"":0.3}},""count"":1}]}}",2024-01-30T14:44:00.705504579Z,ended,2024-01-30T14:57:37.501609503Z
01HNDD7DQT9S31Q4XW46981XTQ,"{""name"":""Default individual"",""kind"":""individual"",""duration"":300000000000}",2024-01-30T14:44:00.890227577Z,true,2024-01-30T14:44:00.90008186Z,all games finished,2024-01-30T15:05:25.416966571Z,"{""kind"":""complete"",""config"":{""treatments"":[{""treatment"":{""name"":""experiment2-interactive"",""factors"":{""condition"":""interactive"",""opinion"":""slider"",""playerCount"":4,""trueP"":0.3}},""count"":1},{""treatment"":{""name"":""experiment2-slider"",""factors"":{""condition"":""slider"",""opinion"":""slider"",""playerCount"":4,""trueP"":0.3}},""count"":1}]}}",2024-01-30T14:44:00.890227577Z,ended,2024-01-30T15:05:25.416966571Z
01HNDD7DX2PF9FH47ZVK6YBVEG,"{""name"":""Default individual"",""kind"":""individual"",""duration"":300000000000}",2024-01-30T14:44:01.058108408Z,true,2024-01-30T14:44:01.06783431Z,all games finished,2024-01-30T15:10:57.833607536Z,"{""kind"":""complete"",""config"":{""treatments"":[{""treatment"":{""name"":""experiment2-interactive"",""factors"":{""condition"":""interactive"",""opinion"":""slider"",""playerCount"":4,""trueP"":0.3}},""count"":1},{""treatment"":{""name"":""experiment2-slider"",""factors"":{""condition"":""slider"",""opinion"":""slider"",""playerCount"":4,""trueP"":0.3}},""count"":1}]}}",2024-01-30T14:44:01.058108408Z,ended,2024-01-30T15:10:57.833607536Z
01HNDDJWFHTJ5VK732VD4T6AW0,"{""name"":""Default individual"",""kind"":""individual"",""duration"":300000000000}",2024-01-30T14:50:16.433963594Z,true,2024-01-30T14:50:16.45161676Z,all games finished,2024-01-30T15:13:49.079281089Z,"{""kind"":""complete"",""config"":{""treatments"":[{""treatment"":{""name"":""experiment2-interactive"",""factors"":{""condition"":""interactive"",""opinion"":""slider"",""playerCount"":4,""trueP"":0.3}},""count"":1},{""treatment"":{""name"":""experiment2-slider"",""factors"":{""condition"":""slider"",""opinion"":""slider"",""playerCount"":4,""trueP"":0.3}},""count"":1}]}}",2024-01-30T14:50:16.433963594Z,ended,2024-01-30T15:13:49.079281089Z
01HNDDK0MAZNNPSRPDMY0EJ6A5,"{""name"":""Default individual"",""kind"":""individual"",""duration"":300000000000}",2024-01-30T14:50:20.682526522Z,true,2024-01-30T14:50:20.699152654Z,,,"{""kind"":""complete"",""config"":{""treatments"":[{""treatment"":{""name"":""experiment2-interactive"",""factors"":{""condition"":""interactive"",""opinion"":""slider"",""playerCount"":4,""trueP"":0.3}},""count"":1},{""treatment"":{""name"":""experiment2-slider"",""factors"":{""condition"":""slider"",""opinion"":""slider"",""playerCount"":4,""trueP"":0.3}},""count"":1}]}}",2024-01-30T14:50:20.682526522Z,terminated,2024-01-30T15:02:50.794693692Z
