id,status,statusLastChangedAt,lobbyConfig,lobbyConfigLastChangedAt,initialized,initializedLastChangedAt,endedReason,endedReasonLastChangedAt,config,configLastChangedAt
01HVSCMV1ZKTBZGHQ2VRDNTDRW,ended,2024-04-18T20:23:57.050300676Z,"{""name"":""Default shared ignore"",""kind"":""shared"",""duration"":300000000000,""strategy"":""ignore""}",2024-04-18T19:58:56.063566265Z,true,2024-04-18T19:58:56.081895096Z,all games finished,2024-04-18T20:23:57.050300676Z,"{""kind"":""complete"",""config"":{""treatments"":[{""treatment"":{""name"":""rerun-interactive- 0.7"",""factors"":{""condition"":""interactive"",""opinion"":""slider"",""playerCount"":4,""trueP"":0.7}},""count"":1}]}}",2024-04-18T19:58:56.063566265Z
01HVSCN9S5W9JZ9NR7JBA94P2Y,ended,2024-04-18T21:10:31.844111817Z,"{""name"":""Default shared ignore"",""kind"":""shared"",""duration"":300000000000,""strategy"":""ignore""}",2024-04-18T19:59:11.14109882Z,true,2024-04-18T19:59:11.15431432Z,all games finished,2024-04-18T21:10:31.844111817Z,"{""kind"":""complete"",""config"":{""treatments"":[{""treatment"":{""name"":""rerun-interactive-0.3"",""factors"":{""condition"":""interactive"",""opinion"":""slider"",""playerCount"":4,""trueP"":0.3}},""count"":1}]}}",2024-04-18T19:59:11.14109882Z
01HVSCNKQ50XAFP1EQFPDPGM3R,terminated,2024-04-18T21:02:40.960621988Z,"{""name"":""Default shared ignore"",""kind"":""shared"",""duration"":300000000000,""strategy"":""ignore""}",2024-04-18T19:59:21.317743811Z,true,2024-04-18T19:59:21.327792534Z,,,"{""kind"":""complete"",""config"":{""treatments"":[{""treatment"":{""name"":""rerun-slider- 0.3"",""factors"":{""condition"":""slider"",""opinion"":""slider"",""playerCount"":4,""trueP"":0.3}},""count"":1}]}}",2024-04-18T19:59:21.317743811Z
01HVSCNV71TQBAPHZYE0EYXYWN,terminated,2024-04-18T20:45:00.490008119Z,"{""name"":""Default shared ignore"",""kind"":""shared"",""duration"":300000000000,""strategy"":""ignore""}",2024-04-18T19:59:28.993639433Z,true,2024-04-18T19:59:29.004572752Z,,,"{""kind"":""complete"",""config"":{""treatments"":[{""treatment"":{""name"":""rerun-slider- 0.7"",""factors"":{""condition"":""slider"",""opinion"":""slider"",""playerCount"":4,""trueP"":0.7}},""count"":1}]}}",2024-04-18T19:59:28.993639433Z
01HVSCP1JKZ3MHRVMAXS9X2KB9,terminated,2024-04-18T20:45:07.800775587Z,"{""name"":""Default shared ignore"",""kind"":""shared"",""duration"":300000000000,""strategy"":""ignore""}",2024-04-18T19:59:35.507588712Z,true,2024-04-18T19:59:35.518995284Z,,,"{""kind"":""complete"",""config"":{""treatments"":[{""treatment"":{""name"":""rerun-unidirectional- 0.3"",""factors"":{""condition"":""unidirectional"",""opinion"":""slider"",""playerCount"":4,""trueP"":0.3}},""count"":1}]}}",2024-04-18T19:59:35.507588712Z
01HVSCPA6RDJN4F2Z743QW8KVG,terminated,2024-04-18T20:49:53.218621375Z,"{""name"":""Default shared ignore"",""kind"":""shared"",""duration"":300000000000,""strategy"":""ignore""}",2024-04-18T19:59:44.34492873Z,true,2024-04-18T19:59:44.358311682Z,,,"{""kind"":""complete"",""config"":{""treatments"":[{""treatment"":{""name"":""rerun-unidirectional- 0.7"",""factors"":{""condition"":""unidirectional"",""opinion"":""slider"",""playerCount"":4,""trueP"":0.7}},""count"":1}]}}",2024-04-18T19:59:44.34492873Z
01HVSD1G75Z7R1XV801N2EYCVF,ended,2024-04-18T20:31:59.20016383Z,"{""name"":""Default shared ignore"",""kind"":""shared"",""duration"":300000000000,""strategy"":""ignore""}",2024-04-18T20:05:50.949386232Z,true,2024-04-18T20:05:50.960432186Z,all games finished,2024-04-18T20:31:59.20016383Z,"{""kind"":""complete"",""config"":{""treatments"":[{""treatment"":{""name"":""rerun-interactive- 0.7"",""factors"":{""condition"":""interactive"",""opinion"":""slider"",""playerCount"":4,""trueP"":0.7}},""count"":1}]}}",2024-04-18T20:05:50.949386232Z
01HVSD1H9Z2PZ0B3JXQJ3PNKEV,ended,2024-04-18T20:31:25.759053745Z,"{""name"":""Default shared ignore"",""kind"":""shared"",""duration"":300000000000,""strategy"":""ignore""}",2024-04-18T20:05:52.063949935Z,true,2024-04-18T20:05:52.072697453Z,all games finished,2024-04-18T20:31:25.759053745Z,"{""kind"":""complete"",""config"":{""treatments"":[{""treatment"":{""name"":""rerun-interactive- 0.7"",""factors"":{""condition"":""interactive"",""opinion"":""slider"",""playerCount"":4,""trueP"":0.7}},""count"":1}]}}",2024-04-18T20:05:52.063949935Z
01HVSD1J1C9YS9RAYF54ZXNR5N,ended,2024-04-18T20:32:54.011555723Z,"{""name"":""Default shared ignore"",""kind"":""shared"",""duration"":300000000000,""strategy"":""ignore""}",2024-04-18T20:05:52.812076026Z,true,2024-04-18T20:05:52.823621728Z,all games finished,2024-04-18T20:32:54.011555723Z,"{""kind"":""complete"",""config"":{""treatments"":[{""treatment"":{""name"":""rerun-interactive- 0.7"",""factors"":{""condition"":""interactive"",""opinion"":""slider"",""playerCount"":4,""trueP"":0.7}},""count"":1}]}}",2024-04-18T20:05:52.812076026Z
01HVSD1JRJS8330QVK2ENAZB1E,ended,2024-04-18T20:34:43.394623789Z,"{""name"":""Default shared ignore"",""kind"":""shared"",""duration"":300000000000,""strategy"":""ignore""}",2024-04-18T20:05:53.554944998Z,true,2024-04-18T20:05:53.565116185Z,all games finished,2024-04-18T20:34:43.394623789Z,"{""kind"":""complete"",""config"":{""treatments"":[{""treatment"":{""name"":""rerun-interactive- 0.7"",""factors"":{""condition"":""interactive"",""opinion"":""slider"",""playerCount"":4,""trueP"":0.7}},""count"":1}]}}",2024-04-18T20:05:53.554944998Z
01HVSD1KEKWDP630QKEVSQYHB5,ended,2024-04-18T20:37:30.389336851Z,"{""name"":""Default shared ignore"",""kind"":""shared"",""duration"":300000000000,""strategy"":""ignore""}",2024-04-18T20:05:54.259591278Z,true,2024-04-18T20:05:54.266742479Z,all games finished,2024-04-18T20:37:30.389336851Z,"{""kind"":""complete"",""config"":{""treatments"":[{""treatment"":{""name"":""rerun-interactive- 0.7"",""factors"":{""condition"":""interactive"",""opinion"":""slider"",""playerCount"":4,""trueP"":0.7}},""count"":1}]}}",2024-04-18T20:05:54.259591278Z
01HVSD1M8P8DJECNV3N9HPM0R6,ended,2024-04-18T20:37:46.766079691Z,"{""name"":""Default shared ignore"",""kind"":""shared"",""duration"":300000000000,""strategy"":""ignore""}",2024-04-18T20:05:55.094887652Z,true,2024-04-18T20:05:55.103821528Z,all games finished,2024-04-18T20:37:46.766079691Z,"{""kind"":""complete"",""config"":{""treatments"":[{""treatment"":{""name"":""rerun-interactive- 0.7"",""factors"":{""condition"":""interactive"",""opinion"":""slider"",""playerCount"":4,""trueP"":0.7}},""count"":1}]}}",2024-04-18T20:05:55.094887652Z
01HVSD1MZ0HEF4B2BY5CW30BDH,ended,2024-04-18T20:37:59.088053472Z,"{""name"":""Default shared ignore"",""kind"":""shared"",""duration"":300000000000,""strategy"":""ignore""}",2024-04-18T20:05:55.808743125Z,true,2024-04-18T20:05:55.817452158Z,all games finished,2024-04-18T20:37:59.088053472Z,"{""kind"":""complete"",""config"":{""treatments"":[{""treatment"":{""name"":""rerun-interactive- 0.7"",""factors"":{""condition"":""interactive"",""opinion"":""slider"",""playerCount"":4,""trueP"":0.7}},""count"":1}]}}",2024-04-18T20:05:55.808743125Z
01HVSD1NQYVSEXZ7GDSHDDVGCK,ended,2024-04-18T20:40:07.347351895Z,"{""name"":""Default shared ignore"",""kind"":""shared"",""duration"":300000000000,""strategy"":""ignore""}",2024-04-18T20:05:56.606345609Z,true,2024-04-18T20:05:56.615853885Z,all games finished,2024-04-18T20:40:07.347351895Z,"{""kind"":""complete"",""config"":{""treatments"":[{""treatment"":{""name"":""rerun-interactive- 0.7"",""factors"":{""condition"":""interactive"",""opinion"":""slider"",""playerCount"":4,""trueP"":0.7}},""count"":1}]}}",2024-04-18T20:05:56.606345609Z
01HVSD1PG6R4T299NFASZ5MHSM,ended,2024-04-18T20:39:30.587056488Z,"{""name"":""Default shared ignore"",""kind"":""shared"",""duration"":300000000000,""strategy"":""ignore""}",2024-04-18T20:05:57.382171377Z,true,2024-04-18T20:05:57.38964759Z,all games finished,2024-04-18T20:39:30.587056488Z,"{""kind"":""complete"",""config"":{""treatments"":[{""treatment"":{""name"":""rerun-interactive- 0.7"",""factors"":{""condition"":""interactive"",""opinion"":""slider"",""playerCount"":4,""trueP"":0.7}},""count"":1}]}}",2024-04-18T20:05:57.382171377Z
01HVSD1Q6F3X9BDR1MTKHY4SX3,ended,2024-04-18T20:41:34.560880809Z,"{""name"":""Default shared ignore"",""kind"":""shared"",""duration"":300000000000,""strategy"":""ignore""}",2024-04-18T20:05:58.095921876Z,true,2024-04-18T20:05:58.106849049Z,all games finished,2024-04-18T20:41:34.560880809Z,"{""kind"":""complete"",""config"":{""treatments"":[{""treatment"":{""name"":""rerun-interactive- 0.7"",""factors"":{""condition"":""interactive"",""opinion"":""slider"",""playerCount"":4,""trueP"":0.7}},""count"":1}]}}",2024-04-18T20:05:58.095921876Z
01HVSD1QW5QQK1X0H1V6QHQ76Z,ended,2024-04-18T20:42:14.279807899Z,"{""name"":""Default shared ignore"",""kind"":""shared"",""duration"":300000000000,""strategy"":""ignore""}",2024-04-18T20:05:58.78926081Z,true,2024-04-18T20:05:58.798682676Z,all games finished,2024-04-18T20:42:14.279807899Z,"{""kind"":""complete"",""config"":{""treatments"":[{""treatment"":{""name"":""rerun-interactive- 0.7"",""factors"":{""condition"":""interactive"",""opinion"":""slider"",""playerCount"":4,""trueP"":0.7}},""count"":1}]}}",2024-04-18T20:05:58.78926081Z
01HVSD1RGX477EMBTMA5M6ATY5,ended,2024-04-18T20:42:19.902356128Z,"{""name"":""Default shared ignore"",""kind"":""shared"",""duration"":300000000000,""strategy"":""ignore""}",2024-04-18T20:05:59.453306492Z,true,2024-04-18T20:05:59.461796185Z,all games finished,2024-04-18T20:42:19.902356128Z,"{""kind"":""complete"",""config"":{""treatments"":[{""treatment"":{""name"":""rerun-interactive- 0.7"",""factors"":{""condition"":""interactive"",""opinion"":""slider"",""playerCount"":4,""trueP"":0.7}},""count"":1}]}}",2024-04-18T20:05:59.453306492Z
01HVSD1S4S6ZHHXDK5PG659EZ6,ended,2024-04-18T20:47:36.031419989Z,"{""name"":""Default shared ignore"",""kind"":""shared"",""duration"":300000000000,""strategy"":""ignore""}",2024-04-18T20:06:00.089373349Z,true,2024-04-18T20:06:00.096832231Z,all games finished,2024-04-18T20:47:36.031419989Z,"{""kind"":""complete"",""config"":{""treatments"":[{""treatment"":{""name"":""rerun-interactive- 0.7"",""factors"":{""condition"":""interactive"",""opinion"":""slider"",""playerCount"":4,""trueP"":0.7}},""count"":1}]}}",2024-04-18T20:06:00.089373349Z
01HVSD1SSZAG2FN4X4FYR63VHE,ended,2024-04-18T20:50:56.900331861Z,"{""name"":""Default shared ignore"",""kind"":""shared"",""duration"":300000000000,""strategy"":""ignore""}",2024-04-18T20:06:00.767257443Z,true,2024-04-18T20:06:00.77515026Z,all games finished,2024-04-18T20:50:56.900331861Z,"{""kind"":""complete"",""config"":{""treatments"":[{""treatment"":{""name"":""rerun-interactive- 0.7"",""factors"":{""condition"":""interactive"",""opinion"":""slider"",""playerCount"":4,""trueP"":0.7}},""count"":1}]}}",2024-04-18T20:06:00.767257443Z
01HVSD1TDW1CGXSV582VP16J27,ended,2024-04-18T20:52:15.390525771Z,"{""name"":""Default shared ignore"",""kind"":""shared"",""duration"":300000000000,""strategy"":""ignore""}",2024-04-18T20:06:01.404553393Z,true,2024-04-18T20:06:01.414324399Z,all games finished,2024-04-18T20:52:15.390525771Z,"{""kind"":""complete"",""config"":{""treatments"":[{""treatment"":{""name"":""rerun-interactive- 0.7"",""factors"":{""condition"":""interactive"",""opinion"":""slider"",""playerCount"":4,""trueP"":0.7}},""count"":1}]}}",2024-04-18T20:06:01.404553393Z
01HVSD1V2QWYJQSWRS1DP618TV,ended,2024-04-18T20:54:25.891461904Z,"{""name"":""Default shared ignore"",""kind"":""shared"",""duration"":300000000000,""strategy"":""ignore""}",2024-04-18T20:06:02.071315306Z,true,2024-04-18T20:06:02.079831402Z,all games finished,2024-04-18T20:54:25.891461904Z,"{""kind"":""complete"",""config"":{""treatments"":[{""treatment"":{""name"":""rerun-interactive- 0.7"",""factors"":{""condition"":""interactive"",""opinion"":""slider"",""playerCount"":4,""trueP"":0.7}},""count"":1}]}}",2024-04-18T20:06:02.071315306Z
01HVSD1VS8PZYWW9M5D1EJJAZ3,ended,2024-04-18T20:59:08.700838332Z,"{""name"":""Default shared ignore"",""kind"":""shared"",""duration"":300000000000,""strategy"":""ignore""}",2024-04-18T20:06:02.792513185Z,true,2024-04-18T20:06:02.803836631Z,all games finished,2024-04-18T20:59:08.700838332Z,"{""kind"":""complete"",""config"":{""treatments"":[{""treatment"":{""name"":""rerun-interactive- 0.7"",""factors"":{""condition"":""interactive"",""opinion"":""slider"",""playerCount"":4,""trueP"":0.7}},""count"":1}]}}",2024-04-18T20:06:02.792513185Z
01HVSD1WCZBH2QVM9D2K88EZ9D,ended,2024-04-18T20:59:10.89446426Z,"{""name"":""Default shared ignore"",""kind"":""shared"",""duration"":300000000000,""strategy"":""ignore""}",2024-04-18T20:06:03.42367328Z,true,2024-04-18T20:06:03.433910769Z,all games finished,2024-04-18T20:59:10.89446426Z,"{""kind"":""complete"",""config"":{""treatments"":[{""treatment"":{""name"":""rerun-interactive- 0.7"",""factors"":{""condition"":""interactive"",""opinion"":""slider"",""playerCount"":4,""trueP"":0.7}},""count"":1}]}}",2024-04-18T20:06:03.42367328Z
01HVSD1X2YK1WG1AR4KQ4KGV1W,ended,2024-04-18T21:03:56.116022705Z,"{""name"":""Default shared ignore"",""kind"":""shared"",""duration"":300000000000,""strategy"":""ignore""}",2024-04-18T20:06:04.126866434Z,true,2024-04-18T20:06:04.136655502Z,all games finished,2024-04-18T21:03:56.116022705Z,"{""kind"":""complete"",""config"":{""treatments"":[{""treatment"":{""name"":""rerun-interactive- 0.7"",""factors"":{""condition"":""interactive"",""opinion"":""slider"",""playerCount"":4,""trueP"":0.7}},""count"":1}]}}",2024-04-18T20:06:04.126866434Z
01HVSD1XSYNBPZ6N98Y2K1CDDD,ended,2024-04-18T21:02:43.381579599Z,"{""name"":""Default shared ignore"",""kind"":""shared"",""duration"":300000000000,""strategy"":""ignore""}",2024-04-18T20:06:04.862869037Z,true,2024-04-18T20:06:04.871030216Z,all games finished,2024-04-18T21:02:43.381579599Z,"{""kind"":""complete"",""config"":{""treatments"":[{""treatment"":{""name"":""rerun-interactive- 0.7"",""factors"":{""condition"":""interactive"",""opinion"":""slider"",""playerCount"":4,""trueP"":0.7}},""count"":1}]}}",2024-04-18T20:06:04.862869037Z
01HVSE1V6DE99TTN2NBSZ5YVAJ,ended,2024-04-18T21:04:30.294066128Z,"{""name"":""Default shared ignore"",""kind"":""shared"",""duration"":300000000000,""strategy"":""ignore""}",2024-04-18T20:23:30.765060981Z,true,2024-04-18T20:23:30.776914494Z,all games finished,2024-04-18T21:04:30.294066128Z,"{""kind"":""complete"",""config"":{""treatments"":[{""treatment"":{""name"":""rerun-interactive- 0.7"",""factors"":{""condition"":""interactive"",""opinion"":""slider"",""playerCount"":4,""trueP"":0.7}},""count"":1}]}}",2024-04-18T20:23:30.765060981Z
01HVSEFHG96EEYMPKWPSP831GD,terminated,2024-04-18T21:18:06.760200047Z,"{""name"":""Default shared ignore"",""kind"":""shared"",""duration"":300000000000,""strategy"":""ignore""}",2024-04-18T20:30:59.593283841Z,true,2024-04-18T20:30:59.626619615Z,,,"{""kind"":""complete"",""config"":{""treatments"":[{""treatment"":{""name"":""rerun-unidirectional- 0.7"",""factors"":{""condition"":""unidirectional"",""opinion"":""slider"",""playerCount"":4,""trueP"":0.7}},""count"":1},{""treatment"":{""name"":""rerun-unidirectional- 0.3"",""factors"":{""condition"":""unidirectional"",""opinion"":""slider"",""playerCount"":4,""trueP"":0.3}},""count"":1},{""treatment"":{""name"":""rerun-slider- 0.3"",""factors"":{""condition"":""slider"",""opinion"":""slider"",""playerCount"":4,""trueP"":0.3}},""count"":1},{""treatment"":{""name"":""rerun-slider- 0.7"",""factors"":{""condition"":""slider"",""opinion"":""slider"",""playerCount"":4,""trueP"":0.7}},""count"":1},{""treatment"":{""name"":""rerun-interactive-0.3"",""factors"":{""condition"":""interactive"",""opinion"":""slider"",""playerCount"":4,""trueP"":0.3}},""count"":1}]}}",2024-04-18T20:30:59.593283841Z
01HVSEH4K4WTW4P1SMZP39Z5AP,created,2024-04-18T20:31:51.908898269Z,"{""name"":""Default shared ignore"",""kind"":""shared"",""duration"":300000000000,""strategy"":""ignore""}",2024-04-18T20:31:51.908898269Z,true,2024-04-18T20:31:51.981175461Z,,,"{""kind"":""complete"",""config"":{""treatments"":[{""treatment"":{""name"":""rerun-unidirectional- 0.7"",""factors"":{""condition"":""unidirectional"",""opinion"":""slider"",""playerCount"":4,""trueP"":0.7}},""count"":1},{""treatment"":{""name"":""rerun-unidirectional- 0.3"",""factors"":{""condition"":""unidirectional"",""opinion"":""slider"",""playerCount"":4,""trueP"":0.3}},""count"":1},{""treatment"":{""name"":""rerun-slider- 0.3"",""factors"":{""condition"":""slider"",""opinion"":""slider"",""playerCount"":4,""trueP"":0.3}},""count"":1},{""treatment"":{""name"":""rerun-slider- 0.7"",""factors"":{""condition"":""slider"",""opinion"":""slider"",""playerCount"":4,""trueP"":0.7}},""count"":1},{""treatment"":{""name"":""rerun-interactive-0.3"",""factors"":{""condition"":""interactive"",""opinion"":""slider"",""playerCount"":4,""trueP"":0.3}},""count"":1}]}}",2024-04-18T20:31:51.908898269Z
01HVSEH5S3DBQWJT8DJ5GE2ECE,created,2024-04-18T20:31:53.123752301Z,"{""name"":""Default shared ignore"",""kind"":""shared"",""duration"":300000000000,""strategy"":""ignore""}",2024-04-18T20:31:53.123752301Z,true,2024-04-18T20:31:53.178606776Z,,,"{""kind"":""complete"",""config"":{""treatments"":[{""treatment"":{""name"":""rerun-unidirectional- 0.7"",""factors"":{""condition"":""unidirectional"",""opinion"":""slider"",""playerCount"":4,""trueP"":0.7}},""count"":1},{""treatment"":{""name"":""rerun-unidirectional- 0.3"",""factors"":{""condition"":""unidirectional"",""opinion"":""slider"",""playerCount"":4,""trueP"":0.3}},""count"":1},{""treatment"":{""name"":""rerun-slider- 0.3"",""factors"":{""condition"":""slider"",""opinion"":""slider"",""playerCount"":4,""trueP"":0.3}},""count"":1},{""treatment"":{""name"":""rerun-slider- 0.7"",""factors"":{""condition"":""slider"",""opinion"":""slider"",""playerCount"":4,""trueP"":0.7}},""count"":1},{""treatment"":{""name"":""rerun-interactive-0.3"",""factors"":{""condition"":""interactive"",""opinion"":""slider"",""playerCount"":4,""trueP"":0.3}},""count"":1}]}}",2024-04-18T20:31:53.123752301Z
01HVSEH6Y8RDM022P3CPYZHQ35,created,2024-04-18T20:31:54.31300475Z,"{""name"":""Default shared ignore"",""kind"":""shared"",""duration"":300000000000,""strategy"":""ignore""}",2024-04-18T20:31:54.31300475Z,true,2024-04-18T20:31:54.387904793Z,,,"{""kind"":""complete"",""config"":{""treatments"":[{""treatment"":{""name"":""rerun-unidirectional- 0.7"",""factors"":{""condition"":""unidirectional"",""opinion"":""slider"",""playerCount"":4,""trueP"":0.7}},""count"":1},{""treatment"":{""name"":""rerun-unidirectional- 0.3"",""factors"":{""condition"":""unidirectional"",""opinion"":""slider"",""playerCount"":4,""trueP"":0.3}},""count"":1},{""treatment"":{""name"":""rerun-slider- 0.3"",""factors"":{""condition"":""slider"",""opinion"":""slider"",""playerCount"":4,""trueP"":0.3}},""count"":1},{""treatment"":{""name"":""rerun-slider- 0.7"",""factors"":{""condition"":""slider"",""opinion"":""slider"",""playerCount"":4,""trueP"":0.7}},""count"":1},{""treatment"":{""name"":""rerun-interactive-0.3"",""factors"":{""condition"":""interactive"",""opinion"":""slider"",""playerCount"":4,""trueP"":0.3}},""count"":1}]}}",2024-04-18T20:31:54.31300475Z
01HVSEH80PPX7NWRB7MR9CBCBW,created,2024-04-18T20:31:55.414188895Z,"{""name"":""Default shared ignore"",""kind"":""shared"",""duration"":300000000000,""strategy"":""ignore""}",2024-04-18T20:31:55.414188895Z,true,2024-04-18T20:31:55.501703727Z,,,"{""kind"":""complete"",""config"":{""treatments"":[{""treatment"":{""name"":""rerun-unidirectional- 0.7"",""factors"":{""condition"":""unidirectional"",""opinion"":""slider"",""playerCount"":4,""trueP"":0.7}},""count"":1},{""treatment"":{""name"":""rerun-unidirectional- 0.3"",""factors"":{""condition"":""unidirectional"",""opinion"":""slider"",""playerCount"":4,""trueP"":0.3}},""count"":1},{""treatment"":{""name"":""rerun-slider- 0.3"",""factors"":{""condition"":""slider"",""opinion"":""slider"",""playerCount"":4,""trueP"":0.3}},""count"":1},{""treatment"":{""name"":""rerun-slider- 0.7"",""factors"":{""condition"":""slider"",""opinion"":""slider"",""playerCount"":4,""trueP"":0.7}},""count"":1},{""treatment"":{""name"":""rerun-interactive-0.3"",""factors"":{""condition"":""interactive"",""opinion"":""slider"",""playerCount"":4,""trueP"":0.3}},""count"":1}]}}",2024-04-18T20:31:55.414188895Z
01HVSEHBG6TK5DRN76DPWC8ZQ9,created,2024-04-18T20:31:58.982844848Z,"{""name"":""Default shared ignore"",""kind"":""shared"",""duration"":300000000000,""strategy"":""ignore""}",2024-04-18T20:31:58.982844848Z,true,2024-04-18T20:31:59.053716977Z,,,"{""kind"":""complete"",""config"":{""treatments"":[{""treatment"":{""name"":""rerun-unidirectional- 0.7"",""factors"":{""condition"":""unidirectional"",""opinion"":""slider"",""playerCount"":4,""trueP"":0.7}},""count"":1},{""treatment"":{""name"":""rerun-unidirectional- 0.3"",""factors"":{""condition"":""unidirectional"",""opinion"":""slider"",""playerCount"":4,""trueP"":0.3}},""count"":1},{""treatment"":{""name"":""rerun-slider- 0.3"",""factors"":{""condition"":""slider"",""opinion"":""slider"",""playerCount"":4,""trueP"":0.3}},""count"":1},{""treatment"":{""name"":""rerun-slider- 0.7"",""factors"":{""condition"":""slider"",""opinion"":""slider"",""playerCount"":4,""trueP"":0.7}},""count"":1},{""treatment"":{""name"":""rerun-interactive-0.3"",""factors"":{""condition"":""interactive"",""opinion"":""slider"",""playerCount"":4,""trueP"":0.3}},""count"":1}]}}",2024-04-18T20:31:58.982844848Z
01HVSEHDD947N1RVCXP400T3RK,created,2024-04-18T20:32:00.937440932Z,"{""name"":""Default shared ignore"",""kind"":""shared"",""duration"":300000000000,""strategy"":""ignore""}",2024-04-18T20:32:00.937440932Z,true,2024-04-18T20:32:01.017250636Z,,,"{""kind"":""complete"",""config"":{""treatments"":[{""treatment"":{""name"":""rerun-unidirectional- 0.7"",""factors"":{""condition"":""unidirectional"",""opinion"":""slider"",""playerCount"":4,""trueP"":0.7}},""count"":1},{""treatment"":{""name"":""rerun-unidirectional- 0.3"",""factors"":{""condition"":""unidirectional"",""opinion"":""slider"",""playerCount"":4,""trueP"":0.3}},""count"":1},{""treatment"":{""name"":""rerun-slider- 0.3"",""factors"":{""condition"":""slider"",""opinion"":""slider"",""playerCount"":4,""trueP"":0.3}},""count"":1},{""treatment"":{""name"":""rerun-slider- 0.7"",""factors"":{""condition"":""slider"",""opinion"":""slider"",""playerCount"":4,""trueP"":0.7}},""count"":1},{""treatment"":{""name"":""rerun-interactive-0.3"",""factors"":{""condition"":""interactive"",""opinion"":""slider"",""playerCount"":4,""trueP"":0.3}},""count"":1}]}}",2024-04-18T20:32:00.937440932Z
01HVSEHEF6YSNC7D1NTGXQBEAE,created,2024-04-18T20:32:02.022387773Z,"{""name"":""Default shared ignore"",""kind"":""shared"",""duration"":300000000000,""strategy"":""ignore""}",2024-04-18T20:32:02.022387773Z,true,2024-04-18T20:32:02.055002489Z,,,"{""kind"":""complete"",""config"":{""treatments"":[{""treatment"":{""name"":""rerun-unidirectional- 0.7"",""factors"":{""condition"":""unidirectional"",""opinion"":""slider"",""playerCount"":4,""trueP"":0.7}},""count"":1},{""treatment"":{""name"":""rerun-unidirectional- 0.3"",""factors"":{""condition"":""unidirectional"",""opinion"":""slider"",""playerCount"":4,""trueP"":0.3}},""count"":1},{""treatment"":{""name"":""rerun-slider- 0.3"",""factors"":{""condition"":""slider"",""opinion"":""slider"",""playerCount"":4,""trueP"":0.3}},""count"":1},{""treatment"":{""name"":""rerun-slider- 0.7"",""factors"":{""condition"":""slider"",""opinion"":""slider"",""playerCount"":4,""trueP"":0.7}},""count"":1},{""treatment"":{""name"":""rerun-interactive-0.3"",""factors"":{""condition"":""interactive"",""opinion"":""slider"",""playerCount"":4,""trueP"":0.3}},""count"":1}]}}",2024-04-18T20:32:02.022387773Z
01HVSEHFN4NZYYZR55Y9B176E9,created,2024-04-18T20:32:03.236612939Z,"{""name"":""Default shared ignore"",""kind"":""shared"",""duration"":300000000000,""strategy"":""ignore""}",2024-04-18T20:32:03.236612939Z,true,2024-04-18T20:32:03.260739493Z,,,"{""kind"":""complete"",""config"":{""treatments"":[{""treatment"":{""name"":""rerun-unidirectional- 0.7"",""factors"":{""condition"":""unidirectional"",""opinion"":""slider"",""playerCount"":4,""trueP"":0.7}},""count"":1},{""treatment"":{""name"":""rerun-unidirectional- 0.3"",""factors"":{""condition"":""unidirectional"",""opinion"":""slider"",""playerCount"":4,""trueP"":0.3}},""count"":1},{""treatment"":{""name"":""rerun-slider- 0.3"",""factors"":{""condition"":""slider"",""opinion"":""slider"",""playerCount"":4,""trueP"":0.3}},""count"":1},{""treatment"":{""name"":""rerun-slider- 0.7"",""factors"":{""condition"":""slider"",""opinion"":""slider"",""playerCount"":4,""trueP"":0.7}},""count"":1},{""treatment"":{""name"":""rerun-interactive-0.3"",""factors"":{""condition"":""interactive"",""opinion"":""slider"",""playerCount"":4,""trueP"":0.3}},""count"":1}]}}",2024-04-18T20:32:03.236612939Z
01HVSEHGW5B49CGT4BYW70NHBT,created,2024-04-18T20:32:04.485816227Z,"{""name"":""Default shared ignore"",""kind"":""shared"",""duration"":300000000000,""strategy"":""ignore""}",2024-04-18T20:32:04.485816227Z,true,2024-04-18T20:32:04.517531478Z,,,"{""kind"":""complete"",""config"":{""treatments"":[{""treatment"":{""name"":""rerun-unidirectional- 0.7"",""factors"":{""condition"":""unidirectional"",""opinion"":""slider"",""playerCount"":4,""trueP"":0.7}},""count"":1},{""treatment"":{""name"":""rerun-unidirectional- 0.3"",""factors"":{""condition"":""unidirectional"",""opinion"":""slider"",""playerCount"":4,""trueP"":0.3}},""count"":1},{""treatment"":{""name"":""rerun-slider- 0.3"",""factors"":{""condition"":""slider"",""opinion"":""slider"",""playerCount"":4,""trueP"":0.3}},""count"":1},{""treatment"":{""name"":""rerun-slider- 0.7"",""factors"":{""condition"":""slider"",""opinion"":""slider"",""playerCount"":4,""trueP"":0.7}},""count"":1},{""treatment"":{""name"":""rerun-interactive-0.3"",""factors"":{""condition"":""interactive"",""opinion"":""slider"",""playerCount"":4,""trueP"":0.3}},""count"":1}]}}",2024-04-18T20:32:04.485816227Z
01HVSEHHWM5MKEXZC5CJ5RGYDK,created,2024-04-18T20:32:05.524581375Z,"{""name"":""Default shared ignore"",""kind"":""shared"",""duration"":300000000000,""strategy"":""ignore""}",2024-04-18T20:32:05.524581375Z,true,2024-04-18T20:32:05.564804485Z,,,"{""kind"":""complete"",""config"":{""treatments"":[{""treatment"":{""name"":""rerun-unidirectional- 0.7"",""factors"":{""condition"":""unidirectional"",""opinion"":""slider"",""playerCount"":4,""trueP"":0.7}},""count"":1},{""treatment"":{""name"":""rerun-unidirectional- 0.3"",""factors"":{""condition"":""unidirectional"",""opinion"":""slider"",""playerCount"":4,""trueP"":0.3}},""count"":1},{""treatment"":{""name"":""rerun-slider- 0.3"",""factors"":{""condition"":""slider"",""opinion"":""slider"",""playerCount"":4,""trueP"":0.3}},""count"":1},{""treatment"":{""name"":""rerun-slider- 0.7"",""factors"":{""condition"":""slider"",""opinion"":""slider"",""playerCount"":4,""trueP"":0.7}},""count"":1},{""treatment"":{""name"":""rerun-interactive-0.3"",""factors"":{""condition"":""interactive"",""opinion"":""slider"",""playerCount"":4,""trueP"":0.3}},""count"":1}]}}",2024-04-18T20:32:05.524581375Z
01HVSEHK021ZCEBTHWG0FK0B40,created,2024-04-18T20:32:06.658891371Z,"{""name"":""Default shared ignore"",""kind"":""shared"",""duration"":300000000000,""strategy"":""ignore""}",2024-04-18T20:32:06.658891371Z,true,2024-04-18T20:32:06.770855683Z,,,"{""kind"":""complete"",""config"":{""treatments"":[{""treatment"":{""name"":""rerun-unidirectional- 0.7"",""factors"":{""condition"":""unidirectional"",""opinion"":""slider"",""playerCount"":4,""trueP"":0.7}},""count"":1},{""treatment"":{""name"":""rerun-unidirectional- 0.3"",""factors"":{""condition"":""unidirectional"",""opinion"":""slider"",""playerCount"":4,""trueP"":0.3}},""count"":1},{""treatment"":{""name"":""rerun-slider- 0.3"",""factors"":{""condition"":""slider"",""opinion"":""slider"",""playerCount"":4,""trueP"":0.3}},""count"":1},{""treatment"":{""name"":""rerun-slider- 0.7"",""factors"":{""condition"":""slider"",""opinion"":""slider"",""playerCount"":4,""trueP"":0.7}},""count"":1},{""treatment"":{""name"":""rerun-interactive-0.3"",""factors"":{""condition"":""interactive"",""opinion"":""slider"",""playerCount"":4,""trueP"":0.3}},""count"":1}]}}",2024-04-18T20:32:06.658891371Z
01HVSEHM36D0B7AQV8MRC20FD3,created,2024-04-18T20:32:07.782229132Z,"{""name"":""Default shared ignore"",""kind"":""shared"",""duration"":300000000000,""strategy"":""ignore""}",2024-04-18T20:32:07.782229132Z,true,2024-04-18T20:32:07.833730387Z,,,"{""kind"":""complete"",""config"":{""treatments"":[{""treatment"":{""name"":""rerun-unidirectional- 0.7"",""factors"":{""condition"":""unidirectional"",""opinion"":""slider"",""playerCount"":4,""trueP"":0.7}},""count"":1},{""treatment"":{""name"":""rerun-unidirectional- 0.3"",""factors"":{""condition"":""unidirectional"",""opinion"":""slider"",""playerCount"":4,""trueP"":0.3}},""count"":1},{""treatment"":{""name"":""rerun-slider- 0.3"",""factors"":{""condition"":""slider"",""opinion"":""slider"",""playerCount"":4,""trueP"":0.3}},""count"":1},{""treatment"":{""name"":""rerun-slider- 0.7"",""factors"":{""condition"":""slider"",""opinion"":""slider"",""playerCount"":4,""trueP"":0.7}},""count"":1},{""treatment"":{""name"":""rerun-interactive-0.3"",""factors"":{""condition"":""interactive"",""opinion"":""slider"",""playerCount"":4,""trueP"":0.3}},""count"":1}]}}",2024-04-18T20:32:07.782229132Z
01HVSEHN7W08AANKE6Q3G328AS,created,2024-04-18T20:32:08.956208778Z,"{""name"":""Default shared ignore"",""kind"":""shared"",""duration"":300000000000,""strategy"":""ignore""}",2024-04-18T20:32:08.956208778Z,true,2024-04-18T20:32:09.074925469Z,,,"{""kind"":""complete"",""config"":{""treatments"":[{""treatment"":{""name"":""rerun-unidirectional- 0.7"",""factors"":{""condition"":""unidirectional"",""opinion"":""slider"",""playerCount"":4,""trueP"":0.7}},""count"":1},{""treatment"":{""name"":""rerun-unidirectional- 0.3"",""factors"":{""condition"":""unidirectional"",""opinion"":""slider"",""playerCount"":4,""trueP"":0.3}},""count"":1},{""treatment"":{""name"":""rerun-slider- 0.3"",""factors"":{""condition"":""slider"",""opinion"":""slider"",""playerCount"":4,""trueP"":0.3}},""count"":1},{""treatment"":{""name"":""rerun-slider- 0.7"",""factors"":{""condition"":""slider"",""opinion"":""slider"",""playerCount"":4,""trueP"":0.7}},""count"":1},{""treatment"":{""name"":""rerun-interactive-0.3"",""factors"":{""condition"":""interactive"",""opinion"":""slider"",""playerCount"":4,""trueP"":0.3}},""count"":1}]}}",2024-04-18T20:32:08.956208778Z
01HVSEHP8KXBDES9VK2JF6Z715,created,2024-04-18T20:32:10.003153419Z,"{""name"":""Default shared ignore"",""kind"":""shared"",""duration"":300000000000,""strategy"":""ignore""}",2024-04-18T20:32:10.003153419Z,true,2024-04-18T20:32:10.059805962Z,,,"{""kind"":""complete"",""config"":{""treatments"":[{""treatment"":{""name"":""rerun-unidirectional- 0.7"",""factors"":{""condition"":""unidirectional"",""opinion"":""slider"",""playerCount"":4,""trueP"":0.7}},""count"":1},{""treatment"":{""name"":""rerun-unidirectional- 0.3"",""factors"":{""condition"":""unidirectional"",""opinion"":""slider"",""playerCount"":4,""trueP"":0.3}},""count"":1},{""treatment"":{""name"":""rerun-slider- 0.3"",""factors"":{""condition"":""slider"",""opinion"":""slider"",""playerCount"":4,""trueP"":0.3}},""count"":1},{""treatment"":{""name"":""rerun-slider- 0.7"",""factors"":{""condition"":""slider"",""opinion"":""slider"",""playerCount"":4,""trueP"":0.7}},""count"":1},{""treatment"":{""name"":""rerun-interactive-0.3"",""factors"":{""condition"":""interactive"",""opinion"":""slider"",""playerCount"":4,""trueP"":0.3}},""count"":1}]}}",2024-04-18T20:32:10.003153419Z
01HVSEHQGJP0M7DE42QNQPBN1Q,created,2024-04-18T20:32:11.282384134Z,"{""name"":""Default shared ignore"",""kind"":""shared"",""duration"":300000000000,""strategy"":""ignore""}",2024-04-18T20:32:11.282384134Z,true,2024-04-18T20:32:11.33494546Z,,,"{""kind"":""complete"",""config"":{""treatments"":[{""treatment"":{""name"":""rerun-unidirectional- 0.7"",""factors"":{""condition"":""unidirectional"",""opinion"":""slider"",""playerCount"":4,""trueP"":0.7}},""count"":1},{""treatment"":{""name"":""rerun-unidirectional- 0.3"",""factors"":{""condition"":""unidirectional"",""opinion"":""slider"",""playerCount"":4,""trueP"":0.3}},""count"":1},{""treatment"":{""name"":""rerun-slider- 0.3"",""factors"":{""condition"":""slider"",""opinion"":""slider"",""playerCount"":4,""trueP"":0.3}},""count"":1},{""treatment"":{""name"":""rerun-slider- 0.7"",""factors"":{""condition"":""slider"",""opinion"":""slider"",""playerCount"":4,""trueP"":0.7}},""count"":1},{""treatment"":{""name"":""rerun-interactive-0.3"",""factors"":{""condition"":""interactive"",""opinion"":""slider"",""playerCount"":4,""trueP"":0.3}},""count"":1}]}}",2024-04-18T20:32:11.282384134Z
01HVSEHRJ789FAWQFBYPE2Q34X,created,2024-04-18T20:32:12.359178362Z,"{""name"":""Default shared ignore"",""kind"":""shared"",""duration"":300000000000,""strategy"":""ignore""}",2024-04-18T20:32:12.359178362Z,true,2024-04-18T20:32:12.414345443Z,,,"{""kind"":""complete"",""config"":{""treatments"":[{""treatment"":{""name"":""rerun-unidirectional- 0.7"",""factors"":{""condition"":""unidirectional"",""opinion"":""slider"",""playerCount"":4,""trueP"":0.7}},""count"":1},{""treatment"":{""name"":""rerun-unidirectional- 0.3"",""factors"":{""condition"":""unidirectional"",""opinion"":""slider"",""playerCount"":4,""trueP"":0.3}},""count"":1},{""treatment"":{""name"":""rerun-slider- 0.3"",""factors"":{""condition"":""slider"",""opinion"":""slider"",""playerCount"":4,""trueP"":0.3}},""count"":1},{""treatment"":{""name"":""rerun-slider- 0.7"",""factors"":{""condition"":""slider"",""opinion"":""slider"",""playerCount"":4,""trueP"":0.7}},""count"":1},{""treatment"":{""name"":""rerun-interactive-0.3"",""factors"":{""condition"":""interactive"",""opinion"":""slider"",""playerCount"":4,""trueP"":0.3}},""count"":1}]}}",2024-04-18T20:32:12.359178362Z
01HVSEHSG6R0SRA1M4Q7T7MY1Y,terminated,2024-04-18T20:39:24.312942986Z,"{""name"":""Default shared ignore"",""kind"":""shared"",""duration"":300000000000,""strategy"":""ignore""}",2024-04-18T20:32:13.31837234Z,true,2024-04-18T20:32:13.374221192Z,,,"{""kind"":""complete"",""config"":{""treatments"":[{""treatment"":{""name"":""rerun-unidirectional- 0.7"",""factors"":{""condition"":""unidirectional"",""opinion"":""slider"",""playerCount"":4,""trueP"":0.7}},""count"":1},{""treatment"":{""name"":""rerun-unidirectional- 0.3"",""factors"":{""condition"":""unidirectional"",""opinion"":""slider"",""playerCount"":4,""trueP"":0.3}},""count"":1},{""treatment"":{""name"":""rerun-slider- 0.3"",""factors"":{""condition"":""slider"",""opinion"":""slider"",""playerCount"":4,""trueP"":0.3}},""count"":1},{""treatment"":{""name"":""rerun-slider- 0.7"",""factors"":{""condition"":""slider"",""opinion"":""slider"",""playerCount"":4,""trueP"":0.7}},""count"":1},{""treatment"":{""name"":""rerun-interactive-0.3"",""factors"":{""condition"":""interactive"",""opinion"":""slider"",""playerCount"":4,""trueP"":0.3}},""count"":1}]}}",2024-04-18T20:32:13.31837234Z
01HVSEHTFR8YHKP042NAJ63Z4R,terminated,2024-04-18T20:39:27.29990399Z,"{""name"":""Default shared ignore"",""kind"":""shared"",""duration"":300000000000,""strategy"":""ignore""}",2024-04-18T20:32:14.328530229Z,true,2024-04-18T20:32:14.354001109Z,,,"{""kind"":""complete"",""config"":{""treatments"":[{""treatment"":{""name"":""rerun-unidirectional- 0.7"",""factors"":{""condition"":""unidirectional"",""opinion"":""slider"",""playerCount"":4,""trueP"":0.7}},""count"":1},{""treatment"":{""name"":""rerun-unidirectional- 0.3"",""factors"":{""condition"":""unidirectional"",""opinion"":""slider"",""playerCount"":4,""trueP"":0.3}},""count"":1},{""treatment"":{""name"":""rerun-slider- 0.3"",""factors"":{""condition"":""slider"",""opinion"":""slider"",""playerCount"":4,""trueP"":0.3}},""count"":1},{""treatment"":{""name"":""rerun-slider- 0.7"",""factors"":{""condition"":""slider"",""opinion"":""slider"",""playerCount"":4,""trueP"":0.7}},""count"":1},{""treatment"":{""name"":""rerun-interactive-0.3"",""factors"":{""condition"":""interactive"",""opinion"":""slider"",""playerCount"":4,""trueP"":0.3}},""count"":1}]}}",2024-04-18T20:32:14.328530229Z
01HVSEHVG9EVWRDX4BH6GCV65W,terminated,2024-04-18T20:39:21.828728393Z,"{""name"":""Default shared ignore"",""kind"":""shared"",""duration"":300000000000,""strategy"":""ignore""}",2024-04-18T20:32:15.369367019Z,true,2024-04-18T20:32:15.443030669Z,,,"{""kind"":""complete"",""config"":{""treatments"":[{""treatment"":{""name"":""rerun-unidirectional- 0.7"",""factors"":{""condition"":""unidirectional"",""opinion"":""slider"",""playerCount"":4,""trueP"":0.7}},""count"":1},{""treatment"":{""name"":""rerun-unidirectional- 0.3"",""factors"":{""condition"":""unidirectional"",""opinion"":""slider"",""playerCount"":4,""trueP"":0.3}},""count"":1},{""treatment"":{""name"":""rerun-slider- 0.3"",""factors"":{""condition"":""slider"",""opinion"":""slider"",""playerCount"":4,""trueP"":0.3}},""count"":1},{""treatment"":{""name"":""rerun-slider- 0.7"",""factors"":{""condition"":""slider"",""opinion"":""slider"",""playerCount"":4,""trueP"":0.7}},""count"":1},{""treatment"":{""name"":""rerun-interactive-0.3"",""factors"":{""condition"":""interactive"",""opinion"":""slider"",""playerCount"":4,""trueP"":0.3}},""count"":1}]}}",2024-04-18T20:32:15.369367019Z
01HVSEZBM2E5R8F15N8X4F2EQZ,created,2024-04-18T20:39:37.858093985Z,"{""name"":""Default shared ignore"",""kind"":""shared"",""duration"":300000000000,""strategy"":""ignore""}",2024-04-18T20:39:37.858093985Z,true,2024-04-18T20:39:37.926322437Z,,,"{""kind"":""complete"",""config"":{""treatments"":[{""treatment"":{""name"":""rerun-unidirectional- 0.3"",""factors"":{""condition"":""unidirectional"",""opinion"":""slider"",""playerCount"":4,""trueP"":0.3}},""count"":1}]}}",2024-04-18T20:39:37.858093985Z
01HVSF04TQHQS2KNBSGMGD05XE,created,2024-04-18T20:40:03.671872583Z,"{""name"":""Default shared ignore"",""kind"":""shared"",""duration"":300000000000,""strategy"":""ignore""}",2024-04-18T20:40:03.671872583Z,true,2024-04-18T20:40:03.934734582Z,,,"{""kind"":""complete"",""config"":{""treatments"":[{""treatment"":{""name"":""rerun-interactive-0.3"",""factors"":{""condition"":""interactive"",""opinion"":""slider"",""playerCount"":4,""trueP"":0.3}},""count"":1}]}}",2024-04-18T20:40:03.671872583Z
01HVSF074CZXXRZKM2TBPQSHG6,terminated,2024-04-18T20:50:54.291890201Z,"{""name"":""Default shared ignore"",""kind"":""shared"",""duration"":300000000000,""strategy"":""ignore""}",2024-04-18T20:40:06.028654529Z,true,2024-04-18T20:40:06.137264581Z,,,"{""kind"":""complete"",""config"":{""treatments"":[{""treatment"":{""name"":""rerun-interactive-0.3"",""factors"":{""condition"":""interactive"",""opinion"":""slider"",""playerCount"":4,""trueP"":0.3}},""count"":1}]}}",2024-04-18T20:40:06.028654529Z
01HVSF08KY62FQ15M4VMCAR4HE,terminated,2024-04-18T21:03:46.730730341Z,"{""name"":""Default shared ignore"",""kind"":""shared"",""duration"":300000000000,""strategy"":""ignore""}",2024-04-18T20:40:07.55011071Z,true,2024-04-18T20:40:07.724803685Z,,,"{""kind"":""complete"",""config"":{""treatments"":[{""treatment"":{""name"":""rerun-interactive-0.3"",""factors"":{""condition"":""interactive"",""opinion"":""slider"",""playerCount"":4,""trueP"":0.3}},""count"":1}]}}",2024-04-18T20:40:07.55011071Z
01HVSF09708YB3W4SAC21EG1XY,terminated,2024-04-18T20:50:59.311471046Z,"{""name"":""Default shared ignore"",""kind"":""shared"",""duration"":300000000000,""strategy"":""ignore""}",2024-04-18T20:40:08.160673065Z,true,2024-04-18T20:40:08.445003475Z,,,"{""kind"":""complete"",""config"":{""treatments"":[{""treatment"":{""name"":""rerun-interactive-0.3"",""factors"":{""condition"":""interactive"",""opinion"":""slider"",""playerCount"":4,""trueP"":0.3}},""count"":1}]}}",2024-04-18T20:40:08.160673065Z
01HVSF0A1W8THTC3PFJ2MSEA4N,ended,2024-04-18T21:11:14.812699105Z,"{""name"":""Default shared ignore"",""kind"":""shared"",""duration"":300000000000,""strategy"":""ignore""}",2024-04-18T20:40:09.021020137Z,true,2024-04-18T20:40:09.497026617Z,all games finished,2024-04-18T21:11:14.812699105Z,"{""kind"":""complete"",""config"":{""treatments"":[{""treatment"":{""name"":""rerun-interactive-0.3"",""factors"":{""condition"":""interactive"",""opinion"":""slider"",""playerCount"":4,""trueP"":0.3}},""count"":1}]}}",2024-04-18T20:40:09.021020137Z
01HVSF0AME4CQVPZYC0795DW8S,ended,2024-04-18T21:11:36.710085725Z,"{""name"":""Default shared ignore"",""kind"":""shared"",""duration"":300000000000,""strategy"":""ignore""}",2024-04-18T20:40:09.614080926Z,true,2024-04-18T20:40:09.952584283Z,all games finished,2024-04-18T21:11:36.710085725Z,"{""kind"":""complete"",""config"":{""treatments"":[{""treatment"":{""name"":""rerun-interactive-0.3"",""factors"":{""condition"":""interactive"",""opinion"":""slider"",""playerCount"":4,""trueP"":0.3}},""count"":1}]}}",2024-04-18T20:40:09.614080926Z
01HVSF0B69T81F5N46X7YJAS3F,terminated,2024-04-18T21:00:52.298827926Z,"{""name"":""Default shared ignore"",""kind"":""shared"",""duration"":300000000000,""strategy"":""ignore""}",2024-04-18T20:40:10.185541023Z,true,2024-04-18T20:40:10.488339959Z,,,"{""kind"":""complete"",""config"":{""treatments"":[{""treatment"":{""name"":""rerun-interactive-0.3"",""factors"":{""condition"":""interactive"",""opinion"":""slider"",""playerCount"":4,""trueP"":0.3}},""count"":1}]}}",2024-04-18T20:40:10.185541023Z
01HVSF0C2AAAZM8D8FYK50N043,terminated,2024-04-18T21:00:49.644094784Z,"{""name"":""Default shared ignore"",""kind"":""shared"",""duration"":300000000000,""strategy"":""ignore""}",2024-04-18T20:40:11.082780931Z,true,2024-04-18T20:40:11.746342826Z,,,"{""kind"":""complete"",""config"":{""treatments"":[{""treatment"":{""name"":""rerun-interactive-0.3"",""factors"":{""condition"":""interactive"",""opinion"":""slider"",""playerCount"":4,""trueP"":0.3}},""count"":1}]}}",2024-04-18T20:40:11.082780931Z
01HVSF0CTNHW8EC87HXCTQ703T,terminated,2024-04-18T21:00:48.233446108Z,"{""name"":""Default shared ignore"",""kind"":""shared"",""duration"":300000000000,""strategy"":""ignore""}",2024-04-18T20:40:11.861298685Z,true,2024-04-18T20:40:12.281827109Z,,,"{""kind"":""complete"",""config"":{""treatments"":[{""treatment"":{""name"":""rerun-interactive-0.3"",""factors"":{""condition"":""interactive"",""opinion"":""slider"",""playerCount"":4,""trueP"":0.3}},""count"":1}]}}",2024-04-18T20:40:11.861298685Z
01HVSF0CZP2K299X5KXRTGM78Y,terminated,2024-04-18T21:02:43.612281868Z,"{""name"":""Default shared ignore"",""kind"":""shared"",""duration"":300000000000,""strategy"":""ignore""}",2024-04-18T20:40:12.022668831Z,true,2024-04-18T20:40:12.998515819Z,,,"{""kind"":""complete"",""config"":{""treatments"":[{""treatment"":{""name"":""rerun-interactive-0.3"",""factors"":{""condition"":""interactive"",""opinion"":""slider"",""playerCount"":4,""trueP"":0.3}},""count"":1}]}}",2024-04-18T20:40:12.022668831Z
01HVSF0DSF33FMCS2X1TAVSFKQ,terminated,2024-04-18T21:00:19.260235715Z,"{""name"":""Default shared ignore"",""kind"":""shared"",""duration"":300000000000,""strategy"":""ignore""}",2024-04-18T20:40:12.847409339Z,true,2024-04-18T20:40:13.648412191Z,,,"{""kind"":""complete"",""config"":{""treatments"":[{""treatment"":{""name"":""rerun-interactive-0.3"",""factors"":{""condition"":""interactive"",""opinion"":""slider"",""playerCount"":4,""trueP"":0.3}},""count"":1}]}}",2024-04-18T20:40:12.847409339Z
01HVSF0EB7J1EXYBNFCMRJEKX5,terminated,2024-04-18T21:00:22.365964311Z,"{""name"":""Default shared ignore"",""kind"":""shared"",""duration"":300000000000,""strategy"":""ignore""}",2024-04-18T20:40:13.415637277Z,true,2024-04-18T20:40:14.069915451Z,,,"{""kind"":""complete"",""config"":{""treatments"":[{""treatment"":{""name"":""rerun-interactive-0.3"",""factors"":{""condition"":""interactive"",""opinion"":""slider"",""playerCount"":4,""trueP"":0.3}},""count"":1}]}}",2024-04-18T20:40:13.415637277Z
01HVSF0F3M87JZBV3X6RHRM0GJ,terminated,2024-04-18T21:00:25.573253001Z,"{""name"":""Default shared ignore"",""kind"":""shared"",""duration"":300000000000,""strategy"":""ignore""}",2024-04-18T20:40:14.196443244Z,true,2024-04-18T20:40:14.904981285Z,,,"{""kind"":""complete"",""config"":{""treatments"":[{""treatment"":{""name"":""rerun-interactive-0.3"",""factors"":{""condition"":""interactive"",""opinion"":""slider"",""playerCount"":4,""trueP"":0.3}},""count"":1}]}}",2024-04-18T20:40:14.196443244Z
01HVSF0FMFZXHF3MAFYRX7TX8G,terminated,2024-04-18T21:00:28.687320426Z,"{""name"":""Default shared ignore"",""kind"":""shared"",""duration"":300000000000,""strategy"":""ignore""}",2024-04-18T20:40:14.735769616Z,true,2024-04-18T20:40:15.558299896Z,,,"{""kind"":""complete"",""config"":{""treatments"":[{""treatment"":{""name"":""rerun-interactive-0.3"",""factors"":{""condition"":""interactive"",""opinion"":""slider"",""playerCount"":4,""trueP"":0.3}},""count"":1}]}}",2024-04-18T20:40:14.735769616Z
01HVSF0G1XDCN99ZQJ9VSDSH48,terminated,2024-04-18T21:00:39.3042711Z,"{""name"":""Default shared ignore"",""kind"":""shared"",""duration"":300000000000,""strategy"":""ignore""}",2024-04-18T20:40:15.165759794Z,true,2024-04-18T20:40:16.287335918Z,,,"{""kind"":""complete"",""config"":{""treatments"":[{""treatment"":{""name"":""rerun-interactive-0.3"",""factors"":{""condition"":""interactive"",""opinion"":""slider"",""playerCount"":4,""trueP"":0.3}},""count"":1}]}}",2024-04-18T20:40:15.165759794Z
01HVSF0GQEMP0QYDZR4TH3F8BB,terminated,2024-04-18T21:00:57.180818091Z,"{""name"":""Default shared ignore"",""kind"":""shared"",""duration"":300000000000,""strategy"":""ignore""}",2024-04-18T20:40:15.85449868Z,true,2024-04-18T20:40:16.788696878Z,,,"{""kind"":""complete"",""config"":{""treatments"":[{""treatment"":{""name"":""rerun-interactive-0.3"",""factors"":{""condition"":""interactive"",""opinion"":""slider"",""playerCount"":4,""trueP"":0.3}},""count"":1}]}}",2024-04-18T20:40:15.85449868Z
01HVSF0HHSW7PY6P3B62ZAKRG7,terminated,2024-04-18T21:01:17.819253668Z,"{""name"":""Default shared ignore"",""kind"":""shared"",""duration"":300000000000,""strategy"":""ignore""}",2024-04-18T20:40:16.697865927Z,true,2024-04-18T20:40:17.729051073Z,,,"{""kind"":""complete"",""config"":{""treatments"":[{""treatment"":{""name"":""rerun-interactive-0.3"",""factors"":{""condition"":""interactive"",""opinion"":""slider"",""playerCount"":4,""trueP"":0.3}},""count"":1}]}}",2024-04-18T20:40:16.697865927Z
01HVSF0J5H7MS1KX049595SCWA,terminated,2024-04-18T21:01:07.574794867Z,"{""name"":""Default shared ignore"",""kind"":""shared"",""duration"":300000000000,""strategy"":""ignore""}",2024-04-18T20:40:17.329367833Z,true,2024-04-18T20:40:18.01994979Z,,,"{""kind"":""complete"",""config"":{""treatments"":[{""treatment"":{""name"":""rerun-interactive-0.3"",""factors"":{""condition"":""interactive"",""opinion"":""slider"",""playerCount"":4,""trueP"":0.3}},""count"":1}]}}",2024-04-18T20:40:17.329367833Z
01HVSF0JQJKQ0E3SJCJR344JK0,terminated,2024-04-18T21:01:04.511374597Z,"{""name"":""Default shared ignore"",""kind"":""shared"",""duration"":300000000000,""strategy"":""ignore""}",2024-04-18T20:40:17.90680693Z,true,2024-04-18T20:40:18.958225034Z,,,"{""kind"":""complete"",""config"":{""treatments"":[{""treatment"":{""name"":""rerun-interactive-0.3"",""factors"":{""condition"":""interactive"",""opinion"":""slider"",""playerCount"":4,""trueP"":0.3}},""count"":1}]}}",2024-04-18T20:40:17.90680693Z
01HVSF22Z2RJKXWKXZSEFMT3WT,terminated,2024-04-18T20:58:23.424485984Z,"{""name"":""Default shared ignore"",""kind"":""shared"",""duration"":300000000000,""strategy"":""ignore""}",2024-04-18T20:41:07.298990474Z,true,2024-04-18T20:41:07.37001434Z,,,"{""kind"":""complete"",""config"":{""treatments"":[{""treatment"":{""name"":""rerun-slider- 0.3"",""factors"":{""condition"":""slider"",""opinion"":""slider"",""playerCount"":4,""trueP"":0.3}},""count"":1}]}}",2024-04-18T20:41:07.298990474Z
01HVSF27RW8XT0JBSPYJVYSFT1,terminated,2024-04-18T20:58:24.476637334Z,"{""name"":""Default shared ignore"",""kind"":""shared"",""duration"":300000000000,""strategy"":""ignore""}",2024-04-18T20:41:12.220204786Z,true,2024-04-18T20:41:12.417556131Z,,,"{""kind"":""complete"",""config"":{""treatments"":[{""treatment"":{""name"":""rerun-slider- 0.3"",""factors"":{""condition"":""slider"",""opinion"":""slider"",""playerCount"":4,""trueP"":0.3}},""count"":1}]}}",2024-04-18T20:41:12.220204786Z
01HVSF293PQTWMMBTRWSS6ZC5W,terminated,2024-04-18T20:58:28.143584293Z,"{""name"":""Default shared ignore"",""kind"":""shared"",""duration"":300000000000,""strategy"":""ignore""}",2024-04-18T20:41:13.590901219Z,true,2024-04-18T20:41:13.666623632Z,,,"{""kind"":""complete"",""config"":{""treatments"":[{""treatment"":{""name"":""rerun-slider- 0.3"",""factors"":{""condition"":""slider"",""opinion"":""slider"",""playerCount"":4,""trueP"":0.3}},""count"":1}]}}",2024-04-18T20:41:13.590901219Z
01HVSF2A33CTTJ5GA5G3GSZSYW,terminated,2024-04-18T20:58:36.395104407Z,"{""name"":""Default shared ignore"",""kind"":""shared"",""duration"":300000000000,""strategy"":""ignore""}",2024-04-18T20:41:14.595181149Z,true,2024-04-18T20:41:14.957720222Z,,,"{""kind"":""complete"",""config"":{""treatments"":[{""treatment"":{""name"":""rerun-slider- 0.3"",""factors"":{""condition"":""slider"",""opinion"":""slider"",""playerCount"":4,""trueP"":0.3}},""count"":1}]}}",2024-04-18T20:41:14.595181149Z
01HVSF2APSYQ87B3211314TE46,terminated,2024-04-18T20:58:41.287642017Z,"{""name"":""Default shared ignore"",""kind"":""shared"",""duration"":300000000000,""strategy"":""ignore""}",2024-04-18T20:41:15.225570481Z,true,2024-04-18T20:41:16.051741636Z,,,"{""kind"":""complete"",""config"":{""treatments"":[{""treatment"":{""name"":""rerun-slider- 0.3"",""factors"":{""condition"":""slider"",""opinion"":""slider"",""playerCount"":4,""trueP"":0.3}},""count"":1}]}}",2024-04-18T20:41:15.225570481Z
01HVSF2BP07X9A1AQ3VGFP4VQ6,terminated,2024-04-18T20:58:43.727397542Z,"{""name"":""Default shared ignore"",""kind"":""shared"",""duration"":300000000000,""strategy"":""ignore""}",2024-04-18T20:41:16.224538278Z,true,2024-04-18T20:41:17.446653567Z,,,"{""kind"":""complete"",""config"":{""treatments"":[{""treatment"":{""name"":""rerun-slider- 0.3"",""factors"":{""condition"":""slider"",""opinion"":""slider"",""playerCount"":4,""trueP"":0.3}},""count"":1}]}}",2024-04-18T20:41:16.224538278Z
01HVSF2CQHYBP00Z13AKW8VFHB,terminated,2024-04-18T20:58:45.134520088Z,"{""name"":""Default shared ignore"",""kind"":""shared"",""duration"":300000000000,""strategy"":""ignore""}",2024-04-18T20:41:17.297952713Z,true,2024-04-18T20:41:18.600607345Z,,,"{""kind"":""complete"",""config"":{""treatments"":[{""treatment"":{""name"":""rerun-slider- 0.3"",""factors"":{""condition"":""slider"",""opinion"":""slider"",""playerCount"":4,""trueP"":0.3}},""count"":1}]}}",2024-04-18T20:41:17.297952713Z
01HVSF2DH19SY925KZDSV3FDEQ,terminated,2024-04-18T20:58:47.692465261Z,"{""name"":""Default shared ignore"",""kind"":""shared"",""duration"":300000000000,""strategy"":""ignore""}",2024-04-18T20:41:18.113482603Z,true,2024-04-18T20:41:19.346277328Z,,,"{""kind"":""complete"",""config"":{""treatments"":[{""treatment"":{""name"":""rerun-slider- 0.3"",""factors"":{""condition"":""slider"",""opinion"":""slider"",""playerCount"":4,""trueP"":0.3}},""count"":1}]}}",2024-04-18T20:41:18.113482603Z
01HVSF2E1XSSE4AHV7BNXGG7J7,terminated,2024-04-18T20:58:49.052986906Z,"{""name"":""Default shared ignore"",""kind"":""shared"",""duration"":300000000000,""strategy"":""ignore""}",2024-04-18T20:41:18.653243871Z,true,2024-04-18T20:41:20.786948368Z,,,"{""kind"":""complete"",""config"":{""treatments"":[{""treatment"":{""name"":""rerun-slider- 0.3"",""factors"":{""condition"":""slider"",""opinion"":""slider"",""playerCount"":4,""trueP"":0.3}},""count"":1}]}}",2024-04-18T20:41:18.653243871Z
01HVSF2F7582X98M4DNTDR0N14,terminated,2024-04-18T20:58:50.551835131Z,"{""name"":""Default shared ignore"",""kind"":""shared"",""duration"":300000000000,""strategy"":""ignore""}",2024-04-18T20:41:19.845600229Z,true,2024-04-18T20:41:21.201318463Z,,,"{""kind"":""complete"",""config"":{""treatments"":[{""treatment"":{""name"":""rerun-slider- 0.3"",""factors"":{""condition"":""slider"",""opinion"":""slider"",""playerCount"":4,""trueP"":0.3}},""count"":1}]}}",2024-04-18T20:41:19.845600229Z
01HVSF2GAME3CHNQPECWZ5Q5KP,terminated,2024-04-18T20:58:54.044514146Z,"{""name"":""Default shared ignore"",""kind"":""shared"",""duration"":300000000000,""strategy"":""ignore""}",2024-04-18T20:41:20.980330239Z,true,2024-04-18T20:41:22.67248753Z,,,"{""kind"":""complete"",""config"":{""treatments"":[{""treatment"":{""name"":""rerun-slider- 0.3"",""factors"":{""condition"":""slider"",""opinion"":""slider"",""playerCount"":4,""trueP"":0.3}},""count"":1}]}}",2024-04-18T20:41:20.980330239Z
01HVSF2H5RN3DYR1PABD628JZC,terminated,2024-04-18T20:58:56.568302533Z,"{""name"":""Default shared ignore"",""kind"":""shared"",""duration"":300000000000,""strategy"":""ignore""}",2024-04-18T20:41:21.848470662Z,true,2024-04-18T20:41:23.222982593Z,,,"{""kind"":""complete"",""config"":{""treatments"":[{""treatment"":{""name"":""rerun-slider- 0.3"",""factors"":{""condition"":""slider"",""opinion"":""slider"",""playerCount"":4,""trueP"":0.3}},""count"":1}]}}",2024-04-18T20:41:21.848470662Z
01HVSF2HPWFW06F0XSDKFQ2EP2,terminated,2024-04-18T20:58:58.692086154Z,"{""name"":""Default shared ignore"",""kind"":""shared"",""duration"":300000000000,""strategy"":""ignore""}",2024-04-18T20:41:22.396426231Z,true,2024-04-18T20:41:24.759266807Z,,,"{""kind"":""complete"",""config"":{""treatments"":[{""treatment"":{""name"":""rerun-slider- 0.3"",""factors"":{""condition"":""slider"",""opinion"":""slider"",""playerCount"":4,""trueP"":0.3}},""count"":1}]}}",2024-04-18T20:41:22.396426231Z
01HVSF2JTE2EYTPG8XH4ZCE8YP,terminated,2024-04-18T20:59:01.272636548Z,"{""name"":""Default shared ignore"",""kind"":""shared"",""duration"":300000000000,""strategy"":""ignore""}",2024-04-18T20:41:23.534266492Z,true,2024-04-18T20:41:25.15711197Z,,,"{""kind"":""complete"",""config"":{""treatments"":[{""treatment"":{""name"":""rerun-slider- 0.3"",""factors"":{""condition"":""slider"",""opinion"":""slider"",""playerCount"":4,""trueP"":0.3}},""count"":1}]}}",2024-04-18T20:41:23.534266492Z
01HVSF2KJFQ2EEEAVAD3G4B6SK,ended,2024-04-18T21:07:32.037294578Z,"{""name"":""Default shared ignore"",""kind"":""shared"",""duration"":300000000000,""strategy"":""ignore""}",2024-04-18T20:41:24.303364094Z,true,2024-04-18T20:41:26.530336466Z,all games finished,2024-04-18T21:07:32.037294578Z,"{""kind"":""complete"",""config"":{""treatments"":[{""treatment"":{""name"":""rerun-slider- 0.3"",""factors"":{""condition"":""slider"",""opinion"":""slider"",""playerCount"":4,""trueP"":0.3}},""count"":1}]}}",2024-04-18T20:41:24.303364094Z
01HVSF2MF49Y5D46BPGN3S5AT5,terminated,2024-04-18T20:48:36.00761944Z,"{""name"":""Default shared ignore"",""kind"":""shared"",""duration"":300000000000,""strategy"":""ignore""}",2024-04-18T20:41:25.220299846Z,true,2024-04-18T20:41:26.709588334Z,,,"{""kind"":""complete"",""config"":{""treatments"":[{""treatment"":{""name"":""rerun-slider- 0.3"",""factors"":{""condition"":""slider"",""opinion"":""slider"",""playerCount"":4,""trueP"":0.3}},""count"":1}]}}",2024-04-18T20:41:25.220299846Z
01HVSF2N06B66D514XH7GGM0CQ,ended,2024-04-18T21:07:27.449791576Z,"{""name"":""Default shared ignore"",""kind"":""shared"",""duration"":300000000000,""strategy"":""ignore""}",2024-04-18T20:41:25.766371014Z,true,2024-04-18T20:41:28.212772198Z,all games finished,2024-04-18T21:07:27.449791576Z,"{""kind"":""complete"",""config"":{""treatments"":[{""treatment"":{""name"":""rerun-slider- 0.3"",""factors"":{""condition"":""slider"",""opinion"":""slider"",""playerCount"":4,""trueP"":0.3}},""count"":1}]}}",2024-04-18T20:41:25.766371014Z
01HVSF2NVKC71ZJCGN0D6QM8AJ,terminated,2024-04-18T21:03:42.804975494Z,"{""name"":""Default shared ignore"",""kind"":""shared"",""duration"":300000000000,""strategy"":""ignore""}",2024-04-18T20:41:26.643560867Z,true,2024-04-18T20:41:28.299162066Z,,,"{""kind"":""complete"",""config"":{""treatments"":[{""treatment"":{""name"":""rerun-slider- 0.3"",""factors"":{""condition"":""slider"",""opinion"":""slider"",""playerCount"":4,""trueP"":0.3}},""count"":1}]}}",2024-04-18T20:41:26.643560867Z
01HVSFH2NK8S584V13MACFJCZH,terminated,2024-04-18T20:58:20.433478046Z,"{""name"":""Default shared ignore"",""kind"":""shared"",""duration"":300000000000,""strategy"":""ignore""}",2024-04-18T20:49:18.515609528Z,true,2024-04-18T20:49:22.077589198Z,,,"{""kind"":""complete"",""config"":{""treatments"":[{""treatment"":{""name"":""rerun-slider- 0.3"",""factors"":{""condition"":""slider"",""opinion"":""slider"",""playerCount"":4,""trueP"":0.3}},""count"":1}]}}",2024-04-18T20:49:18.515609528Z
