id,batchID,batchIDLastChangedAt,chat,chatLastChangedAt,ended,endedLastChangedAt,endedReason,endedReasonLastChangedAt,groupID,groupIDLastChangedAt,lobbyTimerID,lobbyTimerIDLastChangedAt,messages,messagesLastChangedAt,roundIndex,roundIndexLastChangedAt,stageID,stageIDLastChangedAt,start,startLastChangedAt,status,statusLastChangedAt,treatment,treatmentLastChangedAt,treatmentName,treatmentNameLastChangedAt
01JGJ7Q1TKQHEXHB6FKQWS62NY,01JGJ7Q1TDDCFSCSJJK08YWG8D,2025-01-02T00:47:42.931527318Z,"[{""text"":""I saw three squirrels and one rabbit"",""time"":1735780622288,""round"":1,""recipient"":""01JGJ94QTAFRADNWKFYSRWV34E"",""sender"":{""id"":""01JGJ95V0TC1EPB333C5EM1SPB"",""name"":""player 4"",""avatar"":""https://api.dicebear.com/9.x/personas/svg?seed=01JGJ95V0TC1EPB333C5EM1SPB""}},{""text"":""1 Squirrel (brown)"",""time"":1735780622754,""round"":1,""recipient"":""01JGJ948GC4NV6SASK3X2XH9YW"",""sender"":{""id"":""01JGJ94W25ZX0N4A835SNRV4AZ"",""name"":""player 3"",""avatar"":""https://api.dicebear.com/9.x/personas/svg?seed=01JGJ94W25ZX0N4A835SNRV4AZ""}},{""text"":""I saw 15 rabbits and 1 squirrel"",""time"":1735780583707,""round"":1,""recipient"":""01JGJ94W25ZX0N4A835SNRV4AZ"",""sender"":{""id"":""01JGJ948GC4NV6SASK3X2XH9YW"",""name"":""player 1"",""avatar"":""https://api.dicebear.com/9.x/personas/svg?seed=01JGJ948GC4NV6SASK3X2XH9YW""}},{""text"":""1 squirrel was found in my part of neighbourhood"",""time"":1735780636898,""round"":1,""recipient"":""01JGJ95V0TC1EPB333C5EM1SPB"",""sender"":{""id"":""01JGJ94QTAFRADNWKFYSRWV34E"",""name"":""player 2"",""avatar"":""https://api.dicebear.com/9.x/personas/svg?seed=01JGJ94QTAFRADNWKFYSRWV34E""}},{""text"":""I saw three squirrels and one rabbit"",""time"":1735780680724,""round"":2,""recipient"":""01JGJ94W25ZX0N4A835SNRV4AZ"",""sender"":{""id"":""01JGJ95V0TC1EPB333C5EM1SPB"",""name"":""player 4"",""avatar"":""https://api.dicebear.com/9.x/personas/svg?seed=01JGJ95V0TC1EPB333C5EM1SPB""}},{""text"":""I saw 15 rabbits and 1 squirrel"",""time"":1735780644112,""round"":2,""recipient"":""01JGJ95V0TC1EPB333C5EM1SPB"",""sender"":{""id"":""01JGJ948GC4NV6SASK3X2XH9YW"",""name"":""player 1"",""avatar"":""https://api.dicebear.com/9.x/personas/svg?seed=01JGJ948GC4NV6SASK3X2XH9YW""}},{""text"":""1 squirrel"",""time"":1735780694970,""round"":2,""recipient"":""01JGJ94QTAFRADNWKFYSRWV34E"",""sender"":{""id"":""01JGJ94W25ZX0N4A835SNRV4AZ"",""name"":""player 3"",""avatar"":""https://api.dicebear.com/9.x/personas/svg?seed=01JGJ94W25ZX0N4A835SNRV4AZ""}},{""text"":""I saw 1 squirrel"",""time"":1735780696312,""round"":2,""recipient"":""01JGJ948GC4NV6SASK3X2XH9YW"",""sender"":{""id"":""01JGJ94QTAFRADNWKFYSRWV34E"",""name"":""player 2"",""avatar"":""https://api.dicebear.com/9.x/personas/svg?seed=01JGJ94QTAFRADNWKFYSRWV34E""}},{""text"":""1 squirrel"",""time"":1735780725270,""round"":3,""recipient"":""01JGJ95V0TC1EPB333C5EM1SPB"",""sender"":{""id"":""01JGJ94W25ZX0N4A835SNRV4AZ"",""name"":""player 3"",""avatar"":""https://api.dicebear.com/9.x/personas/svg?seed=01JGJ94W25ZX0N4A835SNRV4AZ""}},{""text"":""15 rabbits and 1 squirrel"",""time"":1735780680350,""round"":3,""recipient"":""01JGJ94QTAFRADNWKFYSRWV34E"",""sender"":{""id"":""01JGJ948GC4NV6SASK3X2XH9YW"",""name"":""player 1"",""avatar"":""https://api.dicebear.com/9.x/personas/svg?seed=01JGJ948GC4NV6SASK3X2XH9YW""}},{""text"":""I saw three squirrels"",""time"":1735780729916,""round"":3,""recipient"":""01JGJ948GC4NV6SASK3X2XH9YW"",""sender"":{""id"":""01JGJ95V0TC1EPB333C5EM1SPB"",""name"":""player 4"",""avatar"":""https://api.dicebear.com/9.x/personas/svg?seed=01JGJ95V0TC1EPB333C5EM1SPB""}},{""text"":""I saw 1squirrel"",""time"":1735780732370,""round"":3,""recipient"":""01JGJ94W25ZX0N4A835SNRV4AZ"",""sender"":{""id"":""01JGJ94QTAFRADNWKFYSRWV34E"",""name"":""player 2"",""avatar"":""https://api.dicebear.com/9.x/personas/svg?seed=01JGJ94QTAFRADNWKFYSRWV34E""}},{""text"":""1 squirrel"",""time"":1735780777368,""round"":4,""recipient"":""01JGJ948GC4NV6SASK3X2XH9YW"",""sender"":{""id"":""01JGJ94W25ZX0N4A835SNRV4AZ"",""name"":""player 3"",""avatar"":""https://api.dicebear.com/9.x/personas/svg?seed=01JGJ94W25ZX0N4A835SNRV4AZ""}},{""text"":""I saw three squirrels and one rabbit"",""time"":1735780783237,""round"":4,""recipient"":""01JGJ94QTAFRADNWKFYSRWV34E"",""sender"":{""id"":""01JGJ95V0TC1EPB333C5EM1SPB"",""name"":""player 4"",""avatar"":""https://api.dicebear.com/9.x/personas/svg?seed=01JGJ95V0TC1EPB333C5EM1SPB""}},{""text"":""15 rabbits 1 squirrel"",""time"":1735780739380,""round"":4,""recipient"":""01JGJ94W25ZX0N4A835SNRV4AZ"",""sender"":{""id"":""01JGJ948GC4NV6SASK3X2XH9YW"",""name"":""player 1"",""avatar"":""https://api.dicebear.com/9.x/personas/svg?seed=01JGJ948GC4NV6SASK3X2XH9YW""}},{""text"":""1 squirrel"",""time"":1735780786986,""round"":4,""recipient"":""01JGJ95V0TC1EPB333C5EM1SPB"",""sender"":{""id"":""01JGJ94QTAFRADNWKFYSRWV34E"",""name"":""player 2"",""avatar"":""https://api.dicebear.com/9.x/personas/svg?seed=01JGJ94QTAFRADNWKFYSRWV34E""}},{""text"":""1 squirrel"",""time"":1735780834592,""round"":5,""recipient"":""01JGJ94QTAFRADNWKFYSRWV34E"",""sender"":{""id"":""01JGJ94W25ZX0N4A835SNRV4AZ"",""name"":""player 3"",""avatar"":""https://api.dicebear.com/9.x/personas/svg?seed=01JGJ94W25ZX0N4A835SNRV4AZ""}},{""text"":""Three squirrels and one rabbit"",""time"":1735780837728,""round"":5,""recipient"":""01JGJ94W25ZX0N4A835SNRV4AZ"",""sender"":{""id"":""01JGJ95V0TC1EPB333C5EM1SPB"",""name"":""player 4"",""avatar"":""https://api.dicebear.com/9.x/personas/svg?seed=01JGJ95V0TC1EPB333C5EM1SPB""}},{""text"":""I saw 1 squirrel"",""time"":1735780839414,""round"":5,""recipient"":""01JGJ948GC4NV6SASK3X2XH9YW"",""sender"":{""id"":""01JGJ94QTAFRADNWKFYSRWV34E"",""name"":""player 2"",""avatar"":""https://api.dicebear.com/9.x/personas/svg?seed=01JGJ94QTAFRADNWKFYSRWV34E""}},{""text"":""15 rabbits and 1 squirrel"",""time"":1735780796990,""round"":5,""recipient"":""01JGJ95V0TC1EPB333C5EM1SPB"",""sender"":{""id"":""01JGJ948GC4NV6SASK3X2XH9YW"",""name"":""player 1"",""avatar"":""https://api.dicebear.com/9.x/personas/svg?seed=01JGJ948GC4NV6SASK3X2XH9YW""}},{""text"":""1 squirrel"",""time"":1735780879826,""round"":6,""recipient"":""01JGJ95V0TC1EPB333C5EM1SPB"",""sender"":{""id"":""01JGJ94W25ZX0N4A835SNRV4AZ"",""name"":""player 3"",""avatar"":""https://api.dicebear.com/9.x/personas/svg?seed=01JGJ94W25ZX0N4A835SNRV4AZ""}},{""text"":""1 squirrel"",""time"":1735780886629,""round"":6,""recipient"":""01JGJ94W25ZX0N4A835SNRV4AZ"",""sender"":{""id"":""01JGJ94QTAFRADNWKFYSRWV34E"",""name"":""player 2"",""avatar"":""https://api.dicebear.com/9.x/personas/svg?seed=01JGJ94QTAFRADNWKFYSRWV34E""}},{""text"":""15 rabbits and 1 squirrel"",""time"":1735780841770,""round"":6,""recipient"":""01JGJ94QTAFRADNWKFYSRWV34E"",""sender"":{""id"":""01JGJ948GC4NV6SASK3X2XH9YW"",""name"":""player 1"",""avatar"":""https://api.dicebear.com/9.x/personas/svg?seed=01JGJ948GC4NV6SASK3X2XH9YW""}},{""text"":""Three squirrels and one rabbit"",""time"":1735780889773,""round"":6,""recipient"":""01JGJ948GC4NV6SASK3X2XH9YW"",""sender"":{""id"":""01JGJ95V0TC1EPB333C5EM1SPB"",""name"":""player 4"",""avatar"":""https://api.dicebear.com/9.x/personas/svg?seed=01JGJ95V0TC1EPB333C5EM1SPB""}},{""text"":""1 squirrel"",""time"":1735780936223,""round"":7,""recipient"":""01JGJ948GC4NV6SASK3X2XH9YW"",""sender"":{""id"":""01JGJ94W25ZX0N4A835SNRV4AZ"",""name"":""player 3"",""avatar"":""https://api.dicebear.com/9.x/personas/svg?seed=01JGJ94W25ZX0N4A835SNRV4AZ""}},{""text"":""Three squirrels and one rabbit"",""time"":1735780939872,""round"":7,""recipient"":""01JGJ94QTAFRADNWKFYSRWV34E"",""sender"":{""id"":""01JGJ95V0TC1EPB333C5EM1SPB"",""name"":""player 4"",""avatar"":""https://api.dicebear.com/9.x/personas/svg?seed=01JGJ95V0TC1EPB333C5EM1SPB""}},{""text"":""1 squirrel"",""time"":1735780947479,""round"":7,""recipient"":""01JGJ95V0TC1EPB333C5EM1SPB"",""sender"":{""id"":""01JGJ94QTAFRADNWKFYSRWV34E"",""name"":""player 2"",""avatar"":""https://api.dicebear.com/9.x/personas/svg?seed=01JGJ94QTAFRADNWKFYSRWV34E""}},{""text"":""15 rabbits and 1 squirrel"",""time"":1735780906587,""round"":7,""recipient"":""01JGJ94W25ZX0N4A835SNRV4AZ"",""sender"":{""id"":""01JGJ948GC4NV6SASK3X2XH9YW"",""name"":""player 1"",""avatar"":""https://api.dicebear.com/9.x/personas/svg?seed=01JGJ948GC4NV6SASK3X2XH9YW""}}]",2025-01-02T01:22:33.089458228Z,false,2025-01-02T00:47:42.931527318Z,,,01JGJ7Q1TQYBKVRN66RJMBXP6G,2025-01-02T00:47:42.937831712Z,01JGJ99N8CE9WAXXD0T8V3FW0F,2025-01-02T01:15:21.233310571Z,"[{""text"":""I saw three squirrels and one rabbit"",""time"":1735780622288,""round"":1,""recipient"":""01JGJ94QTAFRADNWKFYSRWV34E"",""sender"":{""id"":""01JGJ95V0TC1EPB333C5EM1SPB"",""name"":""player 4"",""avatar"":""https://api.dicebear.com/9.x/personas/svg?seed=01JGJ95V0TC1EPB333C5EM1SPB""}},{""text"":""1 Squirrel (brown)"",""time"":1735780622754,""round"":1,""recipient"":""01JGJ948GC4NV6SASK3X2XH9YW"",""sender"":{""id"":""01JGJ94W25ZX0N4A835SNRV4AZ"",""name"":""player 3"",""avatar"":""https://api.dicebear.com/9.x/personas/svg?seed=01JGJ94W25ZX0N4A835SNRV4AZ""}},{""text"":""I saw 15 rabbits and 1 squirrel"",""time"":1735780583707,""round"":1,""recipient"":""01JGJ94W25ZX0N4A835SNRV4AZ"",""sender"":{""id"":""01JGJ948GC4NV6SASK3X2XH9YW"",""name"":""player 1"",""avatar"":""https://api.dicebear.com/9.x/personas/svg?seed=01JGJ948GC4NV6SASK3X2XH9YW""}},{""text"":""1 squirrel was found in my part of neighbourhood"",""time"":1735780636898,""round"":1,""recipient"":""01JGJ95V0TC1EPB333C5EM1SPB"",""sender"":{""id"":""01JGJ94QTAFRADNWKFYSRWV34E"",""name"":""player 2"",""avatar"":""https://api.dicebear.com/9.x/personas/svg?seed=01JGJ94QTAFRADNWKFYSRWV34E""}},{""text"":""I saw three squirrels and one rabbit"",""time"":1735780680724,""round"":2,""recipient"":""01JGJ94W25ZX0N4A835SNRV4AZ"",""sender"":{""id"":""01JGJ95V0TC1EPB333C5EM1SPB"",""name"":""player 4"",""avatar"":""https://api.dicebear.com/9.x/personas/svg?seed=01JGJ95V0TC1EPB333C5EM1SPB""}},{""text"":""I saw 15 rabbits and 1 squirrel"",""time"":1735780644112,""round"":2,""recipient"":""01JGJ95V0TC1EPB333C5EM1SPB"",""sender"":{""id"":""01JGJ948GC4NV6SASK3X2XH9YW"",""name"":""player 1"",""avatar"":""https://api.dicebear.com/9.x/personas/svg?seed=01JGJ948GC4NV6SASK3X2XH9YW""}},{""text"":""1 squirrel"",""time"":1735780694970,""round"":2,""recipient"":""01JGJ94QTAFRADNWKFYSRWV34E"",""sender"":{""id"":""01JGJ94W25ZX0N4A835SNRV4AZ"",""name"":""player 3"",""avatar"":""https://api.dicebear.com/9.x/personas/svg?seed=01JGJ94W25ZX0N4A835SNRV4AZ""}},{""text"":""I saw 1 squirrel"",""time"":1735780696312,""round"":2,""recipient"":""01JGJ948GC4NV6SASK3X2XH9YW"",""sender"":{""id"":""01JGJ94QTAFRADNWKFYSRWV34E"",""name"":""player 2"",""avatar"":""https://api.dicebear.com/9.x/personas/svg?seed=01JGJ94QTAFRADNWKFYSRWV34E""}},{""text"":""1 squirrel"",""time"":1735780725270,""round"":3,""recipient"":""01JGJ95V0TC1EPB333C5EM1SPB"",""sender"":{""id"":""01JGJ94W25ZX0N4A835SNRV4AZ"",""name"":""player 3"",""avatar"":""https://api.dicebear.com/9.x/personas/svg?seed=01JGJ94W25ZX0N4A835SNRV4AZ""}},{""text"":""15 rabbits and 1 squirrel"",""time"":1735780680350,""round"":3,""recipient"":""01JGJ94QTAFRADNWKFYSRWV34E"",""sender"":{""id"":""01JGJ948GC4NV6SASK3X2XH9YW"",""name"":""player 1"",""avatar"":""https://api.dicebear.com/9.x/personas/svg?seed=01JGJ948GC4NV6SASK3X2XH9YW""}},{""text"":""I saw three squirrels"",""time"":1735780729916,""round"":3,""recipient"":""01JGJ948GC4NV6SASK3X2XH9YW"",""sender"":{""id"":""01JGJ95V0TC1EPB333C5EM1SPB"",""name"":""player 4"",""avatar"":""https://api.dicebear.com/9.x/personas/svg?seed=01JGJ95V0TC1EPB333C5EM1SPB""}},{""text"":""I saw 1squirrel"",""time"":1735780732370,""round"":3,""recipient"":""01JGJ94W25ZX0N4A835SNRV4AZ"",""sender"":{""id"":""01JGJ94QTAFRADNWKFYSRWV34E"",""name"":""player 2"",""avatar"":""https://api.dicebear.com/9.x/personas/svg?seed=01JGJ94QTAFRADNWKFYSRWV34E""}},{""text"":""1 squirrel"",""time"":1735780777368,""round"":4,""recipient"":""01JGJ948GC4NV6SASK3X2XH9YW"",""sender"":{""id"":""01JGJ94W25ZX0N4A835SNRV4AZ"",""name"":""player 3"",""avatar"":""https://api.dicebear.com/9.x/personas/svg?seed=01JGJ94W25ZX0N4A835SNRV4AZ""}},{""text"":""I saw three squirrels and one rabbit"",""time"":1735780783237,""round"":4,""recipient"":""01JGJ94QTAFRADNWKFYSRWV34E"",""sender"":{""id"":""01JGJ95V0TC1EPB333C5EM1SPB"",""name"":""player 4"",""avatar"":""https://api.dicebear.com/9.x/personas/svg?seed=01JGJ95V0TC1EPB333C5EM1SPB""}},{""text"":""15 rabbits 1 squirrel"",""time"":1735780739380,""round"":4,""recipient"":""01JGJ94W25ZX0N4A835SNRV4AZ"",""sender"":{""id"":""01JGJ948GC4NV6SASK3X2XH9YW"",""name"":""player 1"",""avatar"":""https://api.dicebear.com/9.x/personas/svg?seed=01JGJ948GC4NV6SASK3X2XH9YW""}},{""text"":""1 squirrel"",""time"":1735780786986,""round"":4,""recipient"":""01JGJ95V0TC1EPB333C5EM1SPB"",""sender"":{""id"":""01JGJ94QTAFRADNWKFYSRWV34E"",""name"":""player 2"",""avatar"":""https://api.dicebear.com/9.x/personas/svg?seed=01JGJ94QTAFRADNWKFYSRWV34E""}},{""text"":""1 squirrel"",""time"":1735780834592,""round"":5,""recipient"":""01JGJ94QTAFRADNWKFYSRWV34E"",""sender"":{""id"":""01JGJ94W25ZX0N4A835SNRV4AZ"",""name"":""player 3"",""avatar"":""https://api.dicebear.com/9.x/personas/svg?seed=01JGJ94W25ZX0N4A835SNRV4AZ""}},{""text"":""Three squirrels and one rabbit"",""time"":1735780837728,""round"":5,""recipient"":""01JGJ94W25ZX0N4A835SNRV4AZ"",""sender"":{""id"":""01JGJ95V0TC1EPB333C5EM1SPB"",""name"":""player 4"",""avatar"":""https://api.dicebear.com/9.x/personas/svg?seed=01JGJ95V0TC1EPB333C5EM1SPB""}},{""text"":""I saw 1 squirrel"",""time"":1735780839414,""round"":5,""recipient"":""01JGJ948GC4NV6SASK3X2XH9YW"",""sender"":{""id"":""01JGJ94QTAFRADNWKFYSRWV34E"",""name"":""player 2"",""avatar"":""https://api.dicebear.com/9.x/personas/svg?seed=01JGJ94QTAFRADNWKFYSRWV34E""}},{""text"":""15 rabbits and 1 squirrel"",""time"":1735780796990,""round"":5,""recipient"":""01JGJ95V0TC1EPB333C5EM1SPB"",""sender"":{""id"":""01JGJ948GC4NV6SASK3X2XH9YW"",""name"":""player 1"",""avatar"":""https://api.dicebear.com/9.x/personas/svg?seed=01JGJ948GC4NV6SASK3X2XH9YW""}},{""text"":""1 squirrel"",""time"":1735780879826,""round"":6,""recipient"":""01JGJ95V0TC1EPB333C5EM1SPB"",""sender"":{""id"":""01JGJ94W25ZX0N4A835SNRV4AZ"",""name"":""player 3"",""avatar"":""https://api.dicebear.com/9.x/personas/svg?seed=01JGJ94W25ZX0N4A835SNRV4AZ""}},{""text"":""1 squirrel"",""time"":1735780886629,""round"":6,""recipient"":""01JGJ94W25ZX0N4A835SNRV4AZ"",""sender"":{""id"":""01JGJ94QTAFRADNWKFYSRWV34E"",""name"":""player 2"",""avatar"":""https://api.dicebear.com/9.x/personas/svg?seed=01JGJ94QTAFRADNWKFYSRWV34E""}},{""text"":""15 rabbits and 1 squirrel"",""time"":1735780841770,""round"":6,""recipient"":""01JGJ94QTAFRADNWKFYSRWV34E"",""sender"":{""id"":""01JGJ948GC4NV6SASK3X2XH9YW"",""name"":""player 1"",""avatar"":""https://api.dicebear.com/9.x/personas/svg?seed=01JGJ948GC4NV6SASK3X2XH9YW""}},{""text"":""Three squirrels and one rabbit"",""time"":1735780889773,""round"":6,""recipient"":""01JGJ948GC4NV6SASK3X2XH9YW"",""sender"":{""id"":""01JGJ95V0TC1EPB333C5EM1SPB"",""name"":""player 4"",""avatar"":""https://api.dicebear.com/9.x/personas/svg?seed=01JGJ95V0TC1EPB333C5EM1SPB""}},{""text"":""1 squirrel"",""time"":1735780936223,""round"":7,""recipient"":""01JGJ948GC4NV6SASK3X2XH9YW"",""sender"":{""id"":""01JGJ94W25ZX0N4A835SNRV4AZ"",""name"":""player 3"",""avatar"":""https://api.dicebear.com/9.x/personas/svg?seed=01JGJ94W25ZX0N4A835SNRV4AZ""}},{""text"":""Three squirrels and one rabbit"",""time"":1735780939872,""round"":7,""recipient"":""01JGJ94QTAFRADNWKFYSRWV34E"",""sender"":{""id"":""01JGJ95V0TC1EPB333C5EM1SPB"",""name"":""player 4"",""avatar"":""https://api.dicebear.com/9.x/personas/svg?seed=01JGJ95V0TC1EPB333C5EM1SPB""}},{""text"":""1 squirrel"",""time"":1735780947479,""round"":7,""recipient"":""01JGJ95V0TC1EPB333C5EM1SPB"",""sender"":{""id"":""01JGJ94QTAFRADNWKFYSRWV34E"",""name"":""player 2"",""avatar"":""https://api.dicebear.com/9.x/personas/svg?seed=01JGJ94QTAFRADNWKFYSRWV34E""}},{""text"":""15 rabbits and 1 squirrel"",""time"":1735780906587,""round"":7,""recipient"":""01JGJ94W25ZX0N4A835SNRV4AZ"",""sender"":{""id"":""01JGJ948GC4NV6SASK3X2XH9YW"",""name"":""player 1"",""avatar"":""https://api.dicebear.com/9.x/personas/svg?seed=01JGJ948GC4NV6SASK3X2XH9YW""}}]",2025-01-02T01:22:33.097420115Z,7,2025-01-02T01:16:22.347201358Z,01JGJ9BH0SKQC1EHPT7A6D31KY,2025-01-02T01:22:09.423647093Z,true,2025-01-02T01:16:22.295337143Z,running,2025-01-02T01:16:22.518951448Z,"{""condition"":""interactive"",""opinion"":""slider"",""playerCount"":4,""sliderDirection"":""RabbitsSquirrels""}",2025-01-02T00:47:42.931527318Z,RS_interactive,2025-01-02T00:47:42.931527318Z
01JGJ7PZM7YV4MJFN1Z0NDVM12,01JGJ7PZM1NW5WRBXAP3MNCWS4,2025-01-02T00:47:40.679687515Z,,,false,2025-01-02T00:47:40.679687515Z,,,01JGJ7PZMETHJ3RNEPCZEEATET,2025-01-02T00:47:40.688712431Z,,,,,,,,,false,2025-01-02T00:47:40.679687515Z,,,"{""condition"":""interactive"",""opinion"":""slider"",""playerCount"":4,""sliderDirection"":""RabbitsSquirrels""}",2025-01-02T00:47:40.679687515Z,RS_interactive,2025-01-02T00:47:40.679687515Z
01JGJ7Q1C82G4WKYPHQAJP01X3,01JGJ7Q1C33ETQ7TB4DCR2D5D9,2025-01-02T00:47:42.472862017Z,,,false,2025-01-02T00:47:42.472862017Z,,,01JGJ7Q1CC8A4WZ76XS35RZ9R3,2025-01-02T00:47:42.478868647Z,,,,,,,,,false,2025-01-02T00:47:42.472862017Z,,,"{""condition"":""interactive"",""opinion"":""slider"",""playerCount"":4,""sliderDirection"":""RabbitsSquirrels""}",2025-01-02T00:47:42.472862017Z,RS_interactive,2025-01-02T00:47:42.472862017Z
01JGJ91W71P8SZ6D1PAER2PRBZ,01JGJ91W6V8C9DH2MJ6H5G14S8,2025-01-02T01:11:06.209417848Z,"[{""text"":""I saw one squirrel"",""time"":1735780829892,""round"":1,""recipient"":""01JGJ95B59Q3RY1QM27B7969HB"",""sender"":{""id"":""01JGJ94SCJPS10SPMA7QRTFWBB"",""name"":""player 2"",""avatar"":""https://api.dicebear.com/9.x/personas/svg?seed=01JGJ94SCJPS10SPMA7QRTFWBB""}},{""text"":""one squirrel no rabbits"",""time"":1735780828124,""round"":1,""recipient"":""01JGJ94RBH0GDKFRJ4P5NF0QPG"",""sender"":{""id"":""01JGJ954D80A3HE7KTNFV7SGVB"",""name"":""player 3"",""avatar"":""https://api.dicebear.com/9.x/personas/svg?seed=01JGJ954D80A3HE7KTNFV7SGVB""}},{""text"":""3 squirrels 2 rabbits"",""time"":1735780837445,""round"":1,""recipient"":""01JGJ94SCJPS10SPMA7QRTFWBB"",""sender"":{""id"":""01JGJ95B59Q3RY1QM27B7969HB"",""name"":""player 4"",""avatar"":""https://api.dicebear.com/9.x/personas/svg?seed=01JGJ95B59Q3RY1QM27B7969HB""}},{""text"":""hi i have 4"",""time"":1735780845492,""round"":1,""recipient"":""01JGJ954D80A3HE7KTNFV7SGVB"",""sender"":{""id"":""01JGJ94RBH0GDKFRJ4P5NF0QPG"",""name"":""player 1"",""avatar"":""https://api.dicebear.com/9.x/personas/svg?seed=01JGJ94RBH0GDKFRJ4P5NF0QPG""}},{""text"":""one squirrel"",""time"":1735780889403,""round"":2,""recipient"":""01JGJ94SCJPS10SPMA7QRTFWBB"",""sender"":{""id"":""01JGJ954D80A3HE7KTNFV7SGVB"",""name"":""player 3"",""avatar"":""https://api.dicebear.com/9.x/personas/svg?seed=01JGJ954D80A3HE7KTNFV7SGVB""}},{""text"":""same, one squirrel"",""time"":1735780901991,""round"":2,""recipient"":""01JGJ94RBH0GDKFRJ4P5NF0QPG"",""sender"":{""id"":""01JGJ94SCJPS10SPMA7QRTFWBB"",""name"":""player 2"",""avatar"":""https://api.dicebear.com/9.x/personas/svg?seed=01JGJ94SCJPS10SPMA7QRTFWBB""}},{""text"":""3 squirrels 2 rabbits"",""time"":1735780903776,""round"":2,""recipient"":""01JGJ954D80A3HE7KTNFV7SGVB"",""sender"":{""id"":""01JGJ95B59Q3RY1QM27B7969HB"",""name"":""player 4"",""avatar"":""https://api.dicebear.com/9.x/personas/svg?seed=01JGJ95B59Q3RY1QM27B7969HB""}},{""text"":""4 squireels 23 rabbits"",""time"":1735780941633,""round"":3,""recipient"":""01JGJ94SCJPS10SPMA7QRTFWBB"",""sender"":{""id"":""01JGJ94RBH0GDKFRJ4P5NF0QPG"",""name"":""player 1"",""avatar"":""https://api.dicebear.com/9.x/personas/svg?seed=01JGJ94RBH0GDKFRJ4P5NF0QPG""}},{""text"":""3 squirrels 2 rabbits"",""time"":1735780945724,""round"":3,""recipient"":""01JGJ94RBH0GDKFRJ4P5NF0QPG"",""sender"":{""id"":""01JGJ95B59Q3RY1QM27B7969HB"",""name"":""player 4"",""avatar"":""https://api.dicebear.com/9.x/personas/svg?seed=01JGJ95B59Q3RY1QM27B7969HB""}},{""text"":""one squirrel"",""time"":1735780946426,""round"":3,""recipient"":""01JGJ954D80A3HE7KTNFV7SGVB"",""sender"":{""id"":""01JGJ94SCJPS10SPMA7QRTFWBB"",""name"":""player 2"",""avatar"":""https://api.dicebear.com/9.x/personas/svg?seed=01JGJ94SCJPS10SPMA7QRTFWBB""}},{""text"":""one squirrel"",""time"":1735780952438,""round"":3,""recipient"":""01JGJ95B59Q3RY1QM27B7969HB"",""sender"":{""id"":""01JGJ954D80A3HE7KTNFV7SGVB"",""name"":""player 3"",""avatar"":""https://api.dicebear.com/9.x/personas/svg?seed=01JGJ954D80A3HE7KTNFV7SGVB""}}]",2025-01-02T01:22:35.590691346Z,false,2025-01-02T01:11:06.209417848Z,,,01JGJ91W75GRHC32Q40MFSFB23,2025-01-02T01:11:06.217410752Z,01JGJ9F6Z33JF3FWET528TJJSE,2025-01-02T01:18:23.206963437Z,"[{""text"":""I saw one squirrel"",""time"":1735780829892,""round"":1,""recipient"":""01JGJ95B59Q3RY1QM27B7969HB"",""sender"":{""id"":""01JGJ94SCJPS10SPMA7QRTFWBB"",""name"":""player 2"",""avatar"":""https://api.dicebear.com/9.x/personas/svg?seed=01JGJ94SCJPS10SPMA7QRTFWBB""}},{""text"":""one squirrel no rabbits"",""time"":1735780828124,""round"":1,""recipient"":""01JGJ94RBH0GDKFRJ4P5NF0QPG"",""sender"":{""id"":""01JGJ954D80A3HE7KTNFV7SGVB"",""name"":""player 3"",""avatar"":""https://api.dicebear.com/9.x/personas/svg?seed=01JGJ954D80A3HE7KTNFV7SGVB""}},{""text"":""3 squirrels 2 rabbits"",""time"":1735780837445,""round"":1,""recipient"":""01JGJ94SCJPS10SPMA7QRTFWBB"",""sender"":{""id"":""01JGJ95B59Q3RY1QM27B7969HB"",""name"":""player 4"",""avatar"":""https://api.dicebear.com/9.x/personas/svg?seed=01JGJ95B59Q3RY1QM27B7969HB""}},{""text"":""hi i have 4"",""time"":1735780845492,""round"":1,""recipient"":""01JGJ954D80A3HE7KTNFV7SGVB"",""sender"":{""id"":""01JGJ94RBH0GDKFRJ4P5NF0QPG"",""name"":""player 1"",""avatar"":""https://api.dicebear.com/9.x/personas/svg?seed=01JGJ94RBH0GDKFRJ4P5NF0QPG""}},{""text"":""one squirrel"",""time"":1735780889403,""round"":2,""recipient"":""01JGJ94SCJPS10SPMA7QRTFWBB"",""sender"":{""id"":""01JGJ954D80A3HE7KTNFV7SGVB"",""name"":""player 3"",""avatar"":""https://api.dicebear.com/9.x/personas/svg?seed=01JGJ954D80A3HE7KTNFV7SGVB""}},{""text"":""same, one squirrel"",""time"":1735780901991,""round"":2,""recipient"":""01JGJ94RBH0GDKFRJ4P5NF0QPG"",""sender"":{""id"":""01JGJ94SCJPS10SPMA7QRTFWBB"",""name"":""player 2"",""avatar"":""https://api.dicebear.com/9.x/personas/svg?seed=01JGJ94SCJPS10SPMA7QRTFWBB""}},{""text"":""3 squirrels 2 rabbits"",""time"":1735780903776,""round"":2,""recipient"":""01JGJ954D80A3HE7KTNFV7SGVB"",""sender"":{""id"":""01JGJ95B59Q3RY1QM27B7969HB"",""name"":""player 4"",""avatar"":""https://api.dicebear.com/9.x/personas/svg?seed=01JGJ95B59Q3RY1QM27B7969HB""}},{""text"":""4 squireels 23 rabbits"",""time"":1735780941633,""round"":3,""recipient"":""01JGJ94SCJPS10SPMA7QRTFWBB"",""sender"":{""id"":""01JGJ94RBH0GDKFRJ4P5NF0QPG"",""name"":""player 1"",""avatar"":""https://api.dicebear.com/9.x/personas/svg?seed=01JGJ94RBH0GDKFRJ4P5NF0QPG""}},{""text"":""3 squirrels 2 rabbits"",""time"":1735780945724,""round"":3,""recipient"":""01JGJ94RBH0GDKFRJ4P5NF0QPG"",""sender"":{""id"":""01JGJ95B59Q3RY1QM27B7969HB"",""name"":""player 4"",""avatar"":""https://api.dicebear.com/9.x/personas/svg?seed=01JGJ95B59Q3RY1QM27B7969HB""}},{""text"":""one squirrel"",""time"":1735780946426,""round"":3,""recipient"":""01JGJ954D80A3HE7KTNFV7SGVB"",""sender"":{""id"":""01JGJ94SCJPS10SPMA7QRTFWBB"",""name"":""player 2"",""avatar"":""https://api.dicebear.com/9.x/personas/svg?seed=01JGJ94SCJPS10SPMA7QRTFWBB""}},{""text"":""one squirrel"",""time"":1735780952438,""round"":3,""recipient"":""01JGJ95B59Q3RY1QM27B7969HB"",""sender"":{""id"":""01JGJ954D80A3HE7KTNFV7SGVB"",""name"":""player 3"",""avatar"":""https://api.dicebear.com/9.x/personas/svg?seed=01JGJ954D80A3HE7KTNFV7SGVB""}}]",2025-01-02T01:22:35.597247176Z,7,2025-01-02T01:19:48.007250729Z,01JGJ9HSTXGMJKX8TBKT0D3T4E,2025-01-02T01:22:10.760611198Z,true,2025-01-02T01:19:47.961636926Z,running,2025-01-02T01:19:47.987222576Z,"{""condition"":""interactive"",""opinion"":""slider"",""playerCount"":4,""sliderDirection"":""RabbitsSquirrels""}",2025-01-02T01:11:06.209417848Z,RS_interactive,2025-01-02T01:11:06.209417848Z
01JGJ7Q2SBV0FHW7H7YMA6Y9E2,01JGJ7Q2S691C9KBY3QMA9ZWX9,2025-01-02T00:47:43.915438891Z,,,false,2025-01-02T00:47:43.915438891Z,batch ended,2025-01-02T01:11:01.616897563Z,01JGJ7Q2SFJVMK2J8CWGEBJ35Q,2025-01-02T00:47:43.922937257Z,,,,,,,,,false,2025-01-02T00:47:43.915438891Z,terminated,2025-01-02T01:11:01.616897563Z,"{""condition"":""interactive"",""opinion"":""slider"",""playerCount"":4,""sliderDirection"":""RabbitsSquirrels""}",2025-01-02T00:47:43.915438891Z,RS_interactive,2025-01-02T00:47:43.915438891Z
01JGJ7Q3KD7ZDAJRXB8EZ8RNS9,01JGJ7Q3K7E6NBY31V0N6YW1ZG,2025-01-02T00:47:44.75000352Z,,,false,2025-01-02T00:47:44.75000352Z,batch ended,2025-01-02T00:49:41.845043866Z,01JGJ7Q3KKPN1R8AQEYYDMV6AH,2025-01-02T00:47:44.757236078Z,,,,,,,,,false,2025-01-02T00:47:44.75000352Z,terminated,2025-01-02T00:49:41.845043866Z,"{""condition"":""interactive"",""opinion"":""slider"",""playerCount"":4,""sliderDirection"":""RabbitsSquirrels""}",2025-01-02T00:47:44.75000352Z,RS_interactive,2025-01-02T00:47:44.75000352Z
01JGJ91WNX5F13GKCWNVF2J9RJ,01JGJ91WNR8EKXWD9252M85KH6,2025-01-02T01:11:06.685897401Z,"[{""text"":""Single Squirrel"",""time"":1735780717650,""round"":1,""recipient"":""01JGJ95VP8S41R8FP9T3C9KW7N"",""sender"":{""id"":""01JGJ94C500TJGV4SBK4CSYD3B"",""name"":""player 1"",""avatar"":""https://api.dicebear.com/9.x/personas/svg?seed=01JGJ94C500TJGV4SBK4CSYD3B""}},{""text"":""I saw 1 rabbit and 3 squirrels"",""time"":1735780719603,""round"":1,""recipient"":""01JGJ97WYSVBVNK284VS5XMK3S"",""sender"":{""id"":""01JGJ95AJGMPFDE6P3QTD00D0J"",""name"":""player 2"",""avatar"":""https://api.dicebear.com/9.x/personas/svg?seed=01JGJ95AJGMPFDE6P3QTD00D0J""}},{""text"":""I see 2 squirrels and 23 rabbits."",""time"":1735780724903,""round"":1,""recipient"":""01JGJ95AJGMPFDE6P3QTD00D0J"",""sender"":{""id"":""01JGJ97WYSVBVNK284VS5XMK3S"",""name"":""player 4"",""avatar"":""https://api.dicebear.com/9.x/personas/svg?seed=01JGJ97WYSVBVNK284VS5XMK3S""}},{""text"":""I see 2 squirrels, no rabbits."",""time"":1735780727716,""round"":1,""recipient"":""01JGJ94C500TJGV4SBK4CSYD3B"",""sender"":{""id"":""01JGJ95VP8S41R8FP9T3C9KW7N"",""name"":""player 3"",""avatar"":""https://api.dicebear.com/9.x/personas/svg?seed=01JGJ95VP8S41R8FP9T3C9KW7N""}},{""text"":""i saw 1 rabbit and 3 squirrels"",""time"":1735780769773,""round"":2,""recipient"":""01JGJ94C500TJGV4SBK4CSYD3B"",""sender"":{""id"":""01JGJ95AJGMPFDE6P3QTD00D0J"",""name"":""player 2"",""avatar"":""https://api.dicebear.com/9.x/personas/svg?seed=01JGJ95AJGMPFDE6P3QTD00D0J""}},{""text"":""I saw 2 squirrels and 23 rabbits."",""time"":1735780774887,""round"":2,""recipient"":""01JGJ95VP8S41R8FP9T3C9KW7N"",""sender"":{""id"":""01JGJ97WYSVBVNK284VS5XMK3S"",""name"":""player 4"",""avatar"":""https://api.dicebear.com/9.x/personas/svg?seed=01JGJ97WYSVBVNK284VS5XMK3S""}},{""text"":""I saw only 1 squrrel my partner before saw 2 and no rabbits"",""time"":1735780787049,""round"":2,""recipient"":""01JGJ97WYSVBVNK284VS5XMK3S"",""sender"":{""id"":""01JGJ94C500TJGV4SBK4CSYD3B"",""name"":""player 1"",""avatar"":""https://api.dicebear.com/9.x/personas/svg?seed=01JGJ94C500TJGV4SBK4CSYD3B""}},{""text"":""Just two squirrels, no rabbits."",""time"":1735780790439,""round"":2,""recipient"":""01JGJ95AJGMPFDE6P3QTD00D0J"",""sender"":{""id"":""01JGJ95VP8S41R8FP9T3C9KW7N"",""name"":""player 3"",""avatar"":""https://api.dicebear.com/9.x/personas/svg?seed=01JGJ95VP8S41R8FP9T3C9KW7N""}},{""text"":""i saw 1 rabbit and 3 squirrels"",""time"":1735780823397,""round"":3,""recipient"":""01JGJ95VP8S41R8FP9T3C9KW7N"",""sender"":{""id"":""01JGJ95AJGMPFDE6P3QTD00D0J"",""name"":""player 2"",""avatar"":""https://api.dicebear.com/9.x/personas/svg?seed=01JGJ95AJGMPFDE6P3QTD00D0J""}},{""text"":""Just two squirrels."",""time"":1735780842265,""round"":3,""recipient"":""01JGJ97WYSVBVNK284VS5XMK3S"",""sender"":{""id"":""01JGJ95VP8S41R8FP9T3C9KW7N"",""name"":""player 3"",""avatar"":""https://api.dicebear.com/9.x/personas/svg?seed=01JGJ95VP8S41R8FP9T3C9KW7N""}},{""text"":""i saw 1 rabbit and 3 squirrels"",""time"":1735780875107,""round"":4,""recipient"":""01JGJ97WYSVBVNK284VS5XMK3S"",""sender"":{""id"":""01JGJ95AJGMPFDE6P3QTD00D0J"",""name"":""player 2"",""avatar"":""https://api.dicebear.com/9.x/personas/svg?seed=01JGJ95AJGMPFDE6P3QTD00D0J""}},{""text"":""Still just two squirrels."",""time"":1735780891020,""round"":4,""recipient"":""01JGJ94C500TJGV4SBK4CSYD3B"",""sender"":{""id"":""01JGJ95VP8S41R8FP9T3C9KW7N"",""name"":""player 3"",""avatar"":""https://api.dicebear.com/9.x/personas/svg?seed=01JGJ95VP8S41R8FP9T3C9KW7N""}},{""text"":""me 1 squrrel, parter 2 squirrles 1 0 rabbit, partner 3 squirrels 1 rabbit"",""time"":1735780896280,""round"":4,""recipient"":""01JGJ95VP8S41R8FP9T3C9KW7N"",""sender"":{""id"":""01JGJ94C500TJGV4SBK4CSYD3B"",""name"":""player 1"",""avatar"":""https://api.dicebear.com/9.x/personas/svg?seed=01JGJ94C500TJGV4SBK4CSYD3B""}},{""text"":""i saw 1 rabbit and 3 squirrels"",""time"":1735780931060,""round"":5,""recipient"":""01JGJ94C500TJGV4SBK4CSYD3B"",""sender"":{""id"":""01JGJ95AJGMPFDE6P3QTD00D0J"",""name"":""player 2"",""avatar"":""https://api.dicebear.com/9.x/personas/svg?seed=01JGJ95AJGMPFDE6P3QTD00D0J""}},{""text"":""From everytmore my count is 8 squrrles 1 rabbit"",""time"":1735780948468,""round"":5,""recipient"":""01JGJ97WYSVBVNK284VS5XMK3S"",""sender"":{""id"":""01JGJ94C500TJGV4SBK4CSYD3B"",""name"":""player 1"",""avatar"":""https://api.dicebear.com/9.x/personas/svg?seed=01JGJ94C500TJGV4SBK4CSYD3B""}},{""text"":""I saw 2 squirrels and 23 rabbits. The other people I've gotten messages from saw only a few squirrels and no or very few rabbits."",""time"":1735780950063,""round"":5,""recipient"":""01JGJ95VP8S41R8FP9T3C9KW7N"",""sender"":{""id"":""01JGJ97WYSVBVNK284VS5XMK3S"",""name"":""player 4"",""avatar"":""https://api.dicebear.com/9.x/personas/svg?seed=01JGJ97WYSVBVNK284VS5XMK3S""}},{""text"":""Me 2 squirrels, just two neighbors saw rabbits but one saw 23"",""time"":1735780952925,""round"":5,""recipient"":""01JGJ95AJGMPFDE6P3QTD00D0J"",""sender"":{""id"":""01JGJ95VP8S41R8FP9T3C9KW7N"",""name"":""player 3"",""avatar"":""https://api.dicebear.com/9.x/personas/svg?seed=01JGJ95VP8S41R8FP9T3C9KW7N""}}]",2025-01-02T01:22:31.7544802Z,false,2025-01-02T01:11:06.685897401Z,,,01JGJ91WP5S6E2M13M36DA84YX,2025-01-02T01:11:06.703481108Z,01JGJ9C46107GNKSYW394NV29P,2025-01-02T01:16:42.051787891Z,"[{""text"":""Single Squirrel"",""time"":1735780717650,""round"":1,""recipient"":""01JGJ95VP8S41R8FP9T3C9KW7N"",""sender"":{""id"":""01JGJ94C500TJGV4SBK4CSYD3B"",""name"":""player 1"",""avatar"":""https://api.dicebear.com/9.x/personas/svg?seed=01JGJ94C500TJGV4SBK4CSYD3B""}},{""text"":""I saw 1 rabbit and 3 squirrels"",""time"":1735780719603,""round"":1,""recipient"":""01JGJ97WYSVBVNK284VS5XMK3S"",""sender"":{""id"":""01JGJ95AJGMPFDE6P3QTD00D0J"",""name"":""player 2"",""avatar"":""https://api.dicebear.com/9.x/personas/svg?seed=01JGJ95AJGMPFDE6P3QTD00D0J""}},{""text"":""I see 2 squirrels and 23 rabbits."",""time"":1735780724903,""round"":1,""recipient"":""01JGJ95AJGMPFDE6P3QTD00D0J"",""sender"":{""id"":""01JGJ97WYSVBVNK284VS5XMK3S"",""name"":""player 4"",""avatar"":""https://api.dicebear.com/9.x/personas/svg?seed=01JGJ97WYSVBVNK284VS5XMK3S""}},{""text"":""I see 2 squirrels, no rabbits."",""time"":1735780727716,""round"":1,""recipient"":""01JGJ94C500TJGV4SBK4CSYD3B"",""sender"":{""id"":""01JGJ95VP8S41R8FP9T3C9KW7N"",""name"":""player 3"",""avatar"":""https://api.dicebear.com/9.x/personas/svg?seed=01JGJ95VP8S41R8FP9T3C9KW7N""}},{""text"":""i saw 1 rabbit and 3 squirrels"",""time"":1735780769773,""round"":2,""recipient"":""01JGJ94C500TJGV4SBK4CSYD3B"",""sender"":{""id"":""01JGJ95AJGMPFDE6P3QTD00D0J"",""name"":""player 2"",""avatar"":""https://api.dicebear.com/9.x/personas/svg?seed=01JGJ95AJGMPFDE6P3QTD00D0J""}},{""text"":""I saw 2 squirrels and 23 rabbits."",""time"":1735780774887,""round"":2,""recipient"":""01JGJ95VP8S41R8FP9T3C9KW7N"",""sender"":{""id"":""01JGJ97WYSVBVNK284VS5XMK3S"",""name"":""player 4"",""avatar"":""https://api.dicebear.com/9.x/personas/svg?seed=01JGJ97WYSVBVNK284VS5XMK3S""}},{""text"":""I saw only 1 squrrel my partner before saw 2 and no rabbits"",""time"":1735780787049,""round"":2,""recipient"":""01JGJ97WYSVBVNK284VS5XMK3S"",""sender"":{""id"":""01JGJ94C500TJGV4SBK4CSYD3B"",""name"":""player 1"",""avatar"":""https://api.dicebear.com/9.x/personas/svg?seed=01JGJ94C500TJGV4SBK4CSYD3B""}},{""text"":""Just two squirrels, no rabbits."",""time"":1735780790439,""round"":2,""recipient"":""01JGJ95AJGMPFDE6P3QTD00D0J"",""sender"":{""id"":""01JGJ95VP8S41R8FP9T3C9KW7N"",""name"":""player 3"",""avatar"":""https://api.dicebear.com/9.x/personas/svg?seed=01JGJ95VP8S41R8FP9T3C9KW7N""}},{""text"":""i saw 1 rabbit and 3 squirrels"",""time"":1735780823397,""round"":3,""recipient"":""01JGJ95VP8S41R8FP9T3C9KW7N"",""sender"":{""id"":""01JGJ95AJGMPFDE6P3QTD00D0J"",""name"":""player 2"",""avatar"":""https://api.dicebear.com/9.x/personas/svg?seed=01JGJ95AJGMPFDE6P3QTD00D0J""}},{""text"":""Just two squirrels."",""time"":1735780842265,""round"":3,""recipient"":""01JGJ97WYSVBVNK284VS5XMK3S"",""sender"":{""id"":""01JGJ95VP8S41R8FP9T3C9KW7N"",""name"":""player 3"",""avatar"":""https://api.dicebear.com/9.x/personas/svg?seed=01JGJ95VP8S41R8FP9T3C9KW7N""}},{""text"":""i saw 1 rabbit and 3 squirrels"",""time"":1735780875107,""round"":4,""recipient"":""01JGJ97WYSVBVNK284VS5XMK3S"",""sender"":{""id"":""01JGJ95AJGMPFDE6P3QTD00D0J"",""name"":""player 2"",""avatar"":""https://api.dicebear.com/9.x/personas/svg?seed=01JGJ95AJGMPFDE6P3QTD00D0J""}},{""text"":""Still just two squirrels."",""time"":1735780891020,""round"":4,""recipient"":""01JGJ94C500TJGV4SBK4CSYD3B"",""sender"":{""id"":""01JGJ95VP8S41R8FP9T3C9KW7N"",""name"":""player 3"",""avatar"":""https://api.dicebear.com/9.x/personas/svg?seed=01JGJ95VP8S41R8FP9T3C9KW7N""}},{""text"":""me 1 squrrel, parter 2 squirrles 1 0 rabbit, partner 3 squirrels 1 rabbit"",""time"":1735780896280,""round"":4,""recipient"":""01JGJ95VP8S41R8FP9T3C9KW7N"",""sender"":{""id"":""01JGJ94C500TJGV4SBK4CSYD3B"",""name"":""player 1"",""avatar"":""https://api.dicebear.com/9.x/personas/svg?seed=01JGJ94C500TJGV4SBK4CSYD3B""}},{""text"":""i saw 1 rabbit and 3 squirrels"",""time"":1735780931060,""round"":5,""recipient"":""01JGJ94C500TJGV4SBK4CSYD3B"",""sender"":{""id"":""01JGJ95AJGMPFDE6P3QTD00D0J"",""name"":""player 2"",""avatar"":""https://api.dicebear.com/9.x/personas/svg?seed=01JGJ95AJGMPFDE6P3QTD00D0J""}},{""text"":""From everytmore my count is 8 squrrles 1 rabbit"",""time"":1735780948468,""round"":5,""recipient"":""01JGJ97WYSVBVNK284VS5XMK3S"",""sender"":{""id"":""01JGJ94C500TJGV4SBK4CSYD3B"",""name"":""player 1"",""avatar"":""https://api.dicebear.com/9.x/personas/svg?seed=01JGJ94C500TJGV4SBK4CSYD3B""}},{""text"":""I saw 2 squirrels and 23 rabbits. The other people I've gotten messages from saw only a few squirrels and no or very few rabbits."",""time"":1735780950063,""round"":5,""recipient"":""01JGJ95VP8S41R8FP9T3C9KW7N"",""sender"":{""id"":""01JGJ97WYSVBVNK284VS5XMK3S"",""name"":""player 4"",""avatar"":""https://api.dicebear.com/9.x/personas/svg?seed=01JGJ97WYSVBVNK284VS5XMK3S""}},{""text"":""Me 2 squirrels, just two neighbors saw rabbits but one saw 23"",""time"":1735780952925,""round"":5,""recipient"":""01JGJ95AJGMPFDE6P3QTD00D0J"",""sender"":{""id"":""01JGJ95VP8S41R8FP9T3C9KW7N"",""name"":""player 3"",""avatar"":""https://api.dicebear.com/9.x/personas/svg?seed=01JGJ95VP8S41R8FP9T3C9KW7N""}}]",2025-01-02T01:22:31.75649009Z,7,2025-01-02T01:17:49.619418716Z,01JGJ9E67TV0803E9BTSP9S4YT,2025-01-02T01:22:35.461795488Z,true,2025-01-02T01:17:49.578747915Z,running,2025-01-02T01:17:49.738421019Z,"{""condition"":""interactive"",""opinion"":""slider"",""playerCount"":4,""sliderDirection"":""RabbitsSquirrels""}",2025-01-02T01:11:06.685897401Z,RS_interactive,2025-01-02T01:11:06.685897401Z
01JGJ7PZ44TCJSC1Y4489HTF0F,01JGJ7PZ3XHWSW4BDTR0ZR7DSZ,2025-01-02T00:47:40.1640674Z,,,false,2025-01-02T00:47:40.1640674Z,,,01JGJ7PZ4AYEZKQX3TZKRZW467,2025-01-02T00:47:40.173520639Z,,,,,,,,,false,2025-01-02T00:47:40.1640674Z,,,"{""condition"":""interactive"",""opinion"":""slider"",""playerCount"":4,""sliderDirection"":""RabbitsSquirrels""}",2025-01-02T00:47:40.1640674Z,RS_interactive,2025-01-02T00:47:40.1640674Z
01JGJ7TQ8XV48286KW1Z3AWMJT,01JGJ7TQ8NKRVC1VNMAV963R7T,2025-01-02T00:49:43.197856309Z,,,false,2025-01-02T00:49:43.197856309Z,shared lobby timeout,2025-01-02T01:07:45.446784952Z,01JGJ7TQ971FKGJXTNS6XWAJQR,2025-01-02T00:49:43.209789788Z,01JGJ8JK60Q3VA7DB7AEJYX4BZ,2025-01-02T01:02:45.4446768Z,,,,,,,false,2025-01-02T00:49:43.197856309Z,failed,2025-01-02T01:07:45.446784952Z,"{""condition"":""interactive"",""opinion"":""slider"",""playerCount"":4,""sliderDirection"":""RabbitsSquirrels""}",2025-01-02T00:49:43.197856309Z,RS_interactive,2025-01-02T00:49:43.197856309Z
01JGJ7Q0GG0RYCJ6EKD233MN6R,01JGJ7Q0GB4C11F5M7PYVX4TBF,2025-01-02T00:47:41.584696658Z,,,false,2025-01-02T00:47:41.584696658Z,,,01JGJ7Q0GMFWR1Q4B2VXR0MENW,2025-01-02T00:47:41.59073594Z,,,,,,,,,false,2025-01-02T00:47:41.584696658Z,,,"{""condition"":""interactive"",""opinion"":""slider"",""playerCount"":4,""sliderDirection"":""RabbitsSquirrels""}",2025-01-02T00:47:41.584696658Z,RS_interactive,2025-01-02T00:47:41.584696658Z
01JGJ7Q0X2390ES7Q73AT44463,01JGJ7Q0WVZQX3FMPSF0A043VJ,2025-01-02T00:47:41.986089941Z,,,false,2025-01-02T00:47:41.986089941Z,,,01JGJ7Q0X53RNFWCRC7BKDMB9T,2025-01-02T00:47:41.991789275Z,,,,,,,,,false,2025-01-02T00:47:41.986089941Z,,,"{""condition"":""interactive"",""opinion"":""slider"",""playerCount"":4,""sliderDirection"":""RabbitsSquirrels""}",2025-01-02T00:47:41.986089941Z,RS_interactive,2025-01-02T00:47:41.986089941Z
01JGJ7Q2BCZXS1YC3E4AGJRVYW,01JGJ7Q2B6VV3EFM39Z7XW05HK,2025-01-02T00:47:43.468639095Z,,,false,2025-01-02T00:47:43.468639095Z,batch ended,2025-01-02T01:11:03.887224197Z,01JGJ7Q2BG2A4Q82M5J11027Q5,2025-01-02T00:47:43.475146449Z,,,,,,,,,false,2025-01-02T00:47:43.468639095Z,terminated,2025-01-02T01:11:03.887224197Z,"{""condition"":""interactive"",""opinion"":""slider"",""playerCount"":4,""sliderDirection"":""RabbitsSquirrels""}",2025-01-02T00:47:43.468639095Z,RS_interactive,2025-01-02T00:47:43.468639095Z
01JGJ7Q38SSSW9T0GHA4JNYXNP,01JGJ7Q38M5BAPANAG3C1DAXJB,2025-01-02T00:47:44.409025983Z,"[{""text"":""i saw 1 squirrel"",""time"":1735780033584,""round"":1,""recipient"":""01JGJ8EG842FDVC5C0YTD0YVCT"",""sender"":{""id"":""01JGJ8NDJE69WXDGNEW1G7YDMZ"",""name"":""player 3"",""avatar"":""https://api.dicebear.com/9.x/personas/svg?seed=01JGJ8NDJE69WXDGNEW1G7YDMZ""}},{""text"":""1 squirrel"",""time"":1735776424248,""round"":1,""recipient"":""01JGJ8NP5VXXT2KXEA8CTWEJZZ"",""sender"":{""id"":""01JGJ8FGEKNEMV6BVYQ46ASE3B"",""name"":""player 2"",""avatar"":""https://api.dicebear.com/9.x/personas/svg?seed=01JGJ8FGEKNEMV6BVYQ46ASE3B""}},{""text"":""what did you see?"",""time"":1735780037531,""round"":1,""recipient"":""01JGJ8EG842FDVC5C0YTD0YVCT"",""sender"":{""id"":""01JGJ8NDJE69WXDGNEW1G7YDMZ"",""name"":""player 3"",""avatar"":""https://api.dicebear.com/9.x/personas/svg?seed=01JGJ8NDJE69WXDGNEW1G7YDMZ""}},{""text"":""I saw 3 squirrels, mostly rabbits"",""time"":1735780044726,""round"":1,""recipient"":""01JGJ8NDJE69WXDGNEW1G7YDMZ"",""sender"":{""id"":""01JGJ8EG842FDVC5C0YTD0YVCT"",""name"":""player 1"",""avatar"":""https://api.dicebear.com/9.x/personas/svg?seed=01JGJ8EG842FDVC5C0YTD0YVCT""}},{""text"":""i have one too"",""time"":1735780044503,""round"":1,""recipient"":""01JGJ8FGEKNEMV6BVYQ46ASE3B"",""sender"":{""id"":""01JGJ8NP5VXXT2KXEA8CTWEJZZ"",""name"":""player 4"",""avatar"":""https://api.dicebear.com/9.x/personas/svg?seed=01JGJ8NP5VXXT2KXEA8CTWEJZZ""}},{""text"":""gotcha thanks"",""time"":1735780054102,""round"":1,""recipient"":""01JGJ8EG842FDVC5C0YTD0YVCT"",""sender"":{""id"":""01JGJ8NDJE69WXDGNEW1G7YDMZ"",""name"":""player 3"",""avatar"":""https://api.dicebear.com/9.x/personas/svg?seed=01JGJ8NDJE69WXDGNEW1G7YDMZ""}},{""text"":""1 squirrel"",""time"":1735780093501,""round"":2,""recipient"":""01JGJ8NDJE69WXDGNEW1G7YDMZ"",""sender"":{""id"":""01JGJ8NP5VXXT2KXEA8CTWEJZZ"",""name"":""player 4"",""avatar"":""https://api.dicebear.com/9.x/personas/svg?seed=01JGJ8NP5VXXT2KXEA8CTWEJZZ""}},{""text"":""i saw 1 squirrel"",""time"":1735780093947,""round"":2,""recipient"":""01JGJ8FGEKNEMV6BVYQ46ASE3B"",""sender"":{""id"":""01JGJ8NDJE69WXDGNEW1G7YDMZ"",""name"":""player 3"",""avatar"":""https://api.dicebear.com/9.x/personas/svg?seed=01JGJ8NDJE69WXDGNEW1G7YDMZ""}},{""text"":""3 squirrels, the rest rabbits"",""time"":1735780104471,""round"":2,""recipient"":""01JGJ8NP5VXXT2KXEA8CTWEJZZ"",""sender"":{""id"":""01JGJ8EG842FDVC5C0YTD0YVCT"",""name"":""player 1"",""avatar"":""https://api.dicebear.com/9.x/personas/svg?seed=01JGJ8EG842FDVC5C0YTD0YVCT""}},{""text"":""okay one of the other neighbors said they saw 3 squirrels and mostly rabbits"",""time"":1735780107923,""round"":2,""recipient"":""01JGJ8FGEKNEMV6BVYQ46ASE3B"",""sender"":{""id"":""01JGJ8NDJE69WXDGNEW1G7YDMZ"",""name"":""player 3"",""avatar"":""https://api.dicebear.com/9.x/personas/svg?seed=01JGJ8NDJE69WXDGNEW1G7YDMZ""}},{""text"":""any other info u have?"",""time"":1735780110652,""round"":2,""recipient"":""01JGJ8FGEKNEMV6BVYQ46ASE3B"",""sender"":{""id"":""01JGJ8NDJE69WXDGNEW1G7YDMZ"",""name"":""player 3"",""avatar"":""https://api.dicebear.com/9.x/personas/svg?seed=01JGJ8NDJE69WXDGNEW1G7YDMZ""}},{""text"":""how many rabbits?"",""time"":1735780111277,""round"":2,""recipient"":""01JGJ8NDJE69WXDGNEW1G7YDMZ"",""sender"":{""id"":""01JGJ8NP5VXXT2KXEA8CTWEJZZ"",""name"":""player 4"",""avatar"":""https://api.dicebear.com/9.x/personas/svg?seed=01JGJ8NP5VXXT2KXEA8CTWEJZZ""}},{""text"":""1 squirrel"",""time"":1735780147758,""round"":3,""recipient"":""01JGJ8NP5VXXT2KXEA8CTWEJZZ"",""sender"":{""id"":""01JGJ8NDJE69WXDGNEW1G7YDMZ"",""name"":""player 3"",""avatar"":""https://api.dicebear.com/9.x/personas/svg?seed=01JGJ8NDJE69WXDGNEW1G7YDMZ""}},{""text"":""1 squirrel 0 rabbits"",""time"":1735780149687,""round"":3,""recipient"":""01JGJ8EG842FDVC5C0YTD0YVCT"",""sender"":{""id"":""01JGJ8NP5VXXT2KXEA8CTWEJZZ"",""name"":""player 4"",""avatar"":""https://api.dicebear.com/9.x/personas/svg?seed=01JGJ8NP5VXXT2KXEA8CTWEJZZ""}},{""text"":""what did u see"",""time"":1735780150072,""round"":3,""recipient"":""01JGJ8NP5VXXT2KXEA8CTWEJZZ"",""sender"":{""id"":""01JGJ8NDJE69WXDGNEW1G7YDMZ"",""name"":""player 3"",""avatar"":""https://api.dicebear.com/9.x/personas/svg?seed=01JGJ8NDJE69WXDGNEW1G7YDMZ""}},{""text"":""3 squirrels the rest were rabbits"",""time"":1735780161222,""round"":3,""recipient"":""01JGJ8FGEKNEMV6BVYQ46ASE3B"",""sender"":{""id"":""01JGJ8EG842FDVC5C0YTD0YVCT"",""name"":""player 1"",""avatar"":""https://api.dicebear.com/9.x/personas/svg?seed=01JGJ8EG842FDVC5C0YTD0YVCT""}},{""text"":""1 squirrel. nothing else"",""time"":1735776557309,""round"":3,""recipient"":""01JGJ8NDJE69WXDGNEW1G7YDMZ"",""sender"":{""id"":""01JGJ8FGEKNEMV6BVYQ46ASE3B"",""name"":""player 2"",""avatar"":""https://api.dicebear.com/9.x/personas/svg?seed=01JGJ8FGEKNEMV6BVYQ46ASE3B""}},{""text"":""1 squirrel"",""time"":1735780193356,""round"":4,""recipient"":""01JGJ8EG842FDVC5C0YTD0YVCT"",""sender"":{""id"":""01JGJ8NDJE69WXDGNEW1G7YDMZ"",""name"":""player 3"",""avatar"":""https://api.dicebear.com/9.x/personas/svg?seed=01JGJ8NDJE69WXDGNEW1G7YDMZ""}},{""text"":""1 squirrel 0 rabbits"",""time"":1735780194515,""round"":4,""recipient"":""01JGJ8FGEKNEMV6BVYQ46ASE3B"",""sender"":{""id"":""01JGJ8NP5VXXT2KXEA8CTWEJZZ"",""name"":""player 4"",""avatar"":""https://api.dicebear.com/9.x/personas/svg?seed=01JGJ8NP5VXXT2KXEA8CTWEJZZ""}},{""text"":""3 squirrels, the rest were a bunch of rabbits"",""time"":1735780198742,""round"":4,""recipient"":""01JGJ8NDJE69WXDGNEW1G7YDMZ"",""sender"":{""id"":""01JGJ8EG842FDVC5C0YTD0YVCT"",""name"":""player 1"",""avatar"":""https://api.dicebear.com/9.x/personas/svg?seed=01JGJ8EG842FDVC5C0YTD0YVCT""}},{""text"":""same"",""time"":1735776588213,""round"":4,""recipient"":""01JGJ8NP5VXXT2KXEA8CTWEJZZ"",""sender"":{""id"":""01JGJ8FGEKNEMV6BVYQ46ASE3B"",""name"":""player 2"",""avatar"":""https://api.dicebear.com/9.x/personas/svg?seed=01JGJ8FGEKNEMV6BVYQ46ASE3B""}},{""text"":""how many"",""time"":1735780202811,""round"":4,""recipient"":""01JGJ8EG842FDVC5C0YTD0YVCT"",""sender"":{""id"":""01JGJ8NDJE69WXDGNEW1G7YDMZ"",""name"":""player 3"",""avatar"":""https://api.dicebear.com/9.x/personas/svg?seed=01JGJ8NDJE69WXDGNEW1G7YDMZ""}},{""text"":""could u count?"",""time"":1735780207513,""round"":4,""recipient"":""01JGJ8EG842FDVC5C0YTD0YVCT"",""sender"":{""id"":""01JGJ8NDJE69WXDGNEW1G7YDMZ"",""name"":""player 3"",""avatar"":""https://api.dicebear.com/9.x/personas/svg?seed=01JGJ8NDJE69WXDGNEW1G7YDMZ""}},{""text"":""one other neighbor said the same"",""time"":1735780213704,""round"":4,""recipient"":""01JGJ8EG842FDVC5C0YTD0YVCT"",""sender"":{""id"":""01JGJ8NDJE69WXDGNEW1G7YDMZ"",""name"":""player 3"",""avatar"":""https://api.dicebear.com/9.x/personas/svg?seed=01JGJ8NDJE69WXDGNEW1G7YDMZ""}},{""text"":""18"",""time"":1735780216454,""round"":4,""recipient"":""01JGJ8NDJE69WXDGNEW1G7YDMZ"",""sender"":{""id"":""01JGJ8EG842FDVC5C0YTD0YVCT"",""name"":""player 1"",""avatar"":""https://api.dicebear.com/9.x/personas/svg?seed=01JGJ8EG842FDVC5C0YTD0YVCT""}},{""text"":""2 others said 1 squirrel"",""time"":1735780218001,""round"":4,""recipient"":""01JGJ8EG842FDVC5C0YTD0YVCT"",""sender"":{""id"":""01JGJ8NDJE69WXDGNEW1G7YDMZ"",""name"":""player 3"",""avatar"":""https://api.dicebear.com/9.x/personas/svg?seed=01JGJ8NDJE69WXDGNEW1G7YDMZ""}},{""text"":""1 squirrel"",""time"":1735780249074,""round"":5,""recipient"":""01JGJ8FGEKNEMV6BVYQ46ASE3B"",""sender"":{""id"":""01JGJ8NDJE69WXDGNEW1G7YDMZ"",""name"":""player 3"",""avatar"":""https://api.dicebear.com/9.x/personas/svg?seed=01JGJ8NDJE69WXDGNEW1G7YDMZ""}},{""text"":""1 squirrel 0 rabbits"",""time"":1735780251684,""round"":5,""recipient"":""01JGJ8NDJE69WXDGNEW1G7YDMZ"",""sender"":{""id"":""01JGJ8NP5VXXT2KXEA8CTWEJZZ"",""name"":""player 4"",""avatar"":""https://api.dicebear.com/9.x/personas/svg?seed=01JGJ8NP5VXXT2KXEA8CTWEJZZ""}},{""text"":""okay 4 of us so far said 1 squirrel"",""time"":1735780259164,""round"":5,""recipient"":""01JGJ8FGEKNEMV6BVYQ46ASE3B"",""sender"":{""id"":""01JGJ8NDJE69WXDGNEW1G7YDMZ"",""name"":""player 3"",""avatar"":""https://api.dicebear.com/9.x/personas/svg?seed=01JGJ8NDJE69WXDGNEW1G7YDMZ""}},{""text"":""3 squirrels 18 rabbits"",""time"":1735780261782,""round"":5,""recipient"":""01JGJ8NP5VXXT2KXEA8CTWEJZZ"",""sender"":{""id"":""01JGJ8EG842FDVC5C0YTD0YVCT"",""name"":""player 1"",""avatar"":""https://api.dicebear.com/9.x/personas/svg?seed=01JGJ8EG842FDVC5C0YTD0YVCT""}},{""text"":""and 2 said 3 squirrel and 18 rabbits seems like"",""time"":1735780267304,""round"":5,""recipient"":""01JGJ8FGEKNEMV6BVYQ46ASE3B"",""sender"":{""id"":""01JGJ8NDJE69WXDGNEW1G7YDMZ"",""name"":""player 3"",""avatar"":""https://api.dicebear.com/9.x/personas/svg?seed=01JGJ8NDJE69WXDGNEW1G7YDMZ""}},{""text"":""Same, my pic has been the same for the entire game"",""time"":1735776655493,""round"":5,""recipient"":""01JGJ8EG842FDVC5C0YTD0YVCT"",""sender"":{""id"":""01JGJ8FGEKNEMV6BVYQ46ASE3B"",""name"":""player 2"",""avatar"":""https://api.dicebear.com/9.x/personas/svg?seed=01JGJ8FGEKNEMV6BVYQ46ASE3B""}},{""text"":""1 squirrel"",""time"":1735780303529,""round"":6,""recipient"":""01JGJ8NP5VXXT2KXEA8CTWEJZZ"",""sender"":{""id"":""01JGJ8NDJE69WXDGNEW1G7YDMZ"",""name"":""player 3"",""avatar"":""https://api.dicebear.com/9.x/personas/svg?seed=01JGJ8NDJE69WXDGNEW1G7YDMZ""}},{""text"":""1 squirrel 0 rabbits"",""time"":1735780306005,""round"":6,""recipient"":""01JGJ8EG842FDVC5C0YTD0YVCT"",""sender"":{""id"":""01JGJ8NP5VXXT2KXEA8CTWEJZZ"",""name"":""player 4"",""avatar"":""https://api.dicebear.com/9.x/personas/svg?seed=01JGJ8NP5VXXT2KXEA8CTWEJZZ""}},{""text"":""3 squirrels 18 rabbits"",""time"":1735780310470,""round"":6,""recipient"":""01JGJ8FGEKNEMV6BVYQ46ASE3B"",""sender"":{""id"":""01JGJ8EG842FDVC5C0YTD0YVCT"",""name"":""player 1"",""avatar"":""https://api.dicebear.com/9.x/personas/svg?seed=01JGJ8EG842FDVC5C0YTD0YVCT""}},{""text"":""1 squirrel"",""time"":1735776702970,""round"":6,""recipient"":""01JGJ8NDJE69WXDGNEW1G7YDMZ"",""sender"":{""id"":""01JGJ8FGEKNEMV6BVYQ46ASE3B"",""name"":""player 2"",""avatar"":""https://api.dicebear.com/9.x/personas/svg?seed=01JGJ8FGEKNEMV6BVYQ46ASE3B""}},{""text"":""ive tallied all the neighbors so far and have 36 rabbits to 10 squirrels"",""time"":1735780321097,""round"":6,""recipient"":""01JGJ8NP5VXXT2KXEA8CTWEJZZ"",""sender"":{""id"":""01JGJ8NDJE69WXDGNEW1G7YDMZ"",""name"":""player 3"",""avatar"":""https://api.dicebear.com/9.x/personas/svg?seed=01JGJ8NDJE69WXDGNEW1G7YDMZ""}},{""text"":""now 11 with ur input"",""time"":1735780324317,""round"":6,""recipient"":""01JGJ8NP5VXXT2KXEA8CTWEJZZ"",""sender"":{""id"":""01JGJ8NDJE69WXDGNEW1G7YDMZ"",""name"":""player 3"",""avatar"":""https://api.dicebear.com/9.x/personas/svg?seed=01JGJ8NDJE69WXDGNEW1G7YDMZ""}},{""text"":""1 squirrel"",""time"":1735780358058,""round"":7,""recipient"":""01JGJ8EG842FDVC5C0YTD0YVCT"",""sender"":{""id"":""01JGJ8NDJE69WXDGNEW1G7YDMZ"",""name"":""player 3"",""avatar"":""https://api.dicebear.com/9.x/personas/svg?seed=01JGJ8NDJE69WXDGNEW1G7YDMZ""}},{""text"":""1 squirrel 0 rabbits"",""time"":1735780361387,""round"":7,""recipient"":""01JGJ8FGEKNEMV6BVYQ46ASE3B"",""sender"":{""id"":""01JGJ8NP5VXXT2KXEA8CTWEJZZ"",""name"":""player 4"",""avatar"":""https://api.dicebear.com/9.x/personas/svg?seed=01JGJ8NP5VXXT2KXEA8CTWEJZZ""}},{""text"":""3 squirrels 18 rabbits"",""time"":1735780362838,""round"":7,""recipient"":""01JGJ8NDJE69WXDGNEW1G7YDMZ"",""sender"":{""id"":""01JGJ8EG842FDVC5C0YTD0YVCT"",""name"":""player 1"",""avatar"":""https://api.dicebear.com/9.x/personas/svg?seed=01JGJ8EG842FDVC5C0YTD0YVCT""}},{""text"":""same"",""time"":1735776756427,""round"":7,""recipient"":""01JGJ8NP5VXXT2KXEA8CTWEJZZ"",""sender"":{""id"":""01JGJ8FGEKNEMV6BVYQ46ASE3B"",""name"":""player 2"",""avatar"":""https://api.dicebear.com/9.x/personas/svg?seed=01JGJ8FGEKNEMV6BVYQ46ASE3B""}},{""text"":""1 squirrel"",""time"":1735780415206,""round"":8,""recipient"":""01JGJ8FGEKNEMV6BVYQ46ASE3B"",""sender"":{""id"":""01JGJ8NDJE69WXDGNEW1G7YDMZ"",""name"":""player 3"",""avatar"":""https://api.dicebear.com/9.x/personas/svg?seed=01JGJ8NDJE69WXDGNEW1G7YDMZ""}},{""text"":""1 squirrel 0 rabbits"",""time"":1735780419685,""round"":8,""recipient"":""01JGJ8NDJE69WXDGNEW1G7YDMZ"",""sender"":{""id"":""01JGJ8NP5VXXT2KXEA8CTWEJZZ"",""name"":""player 4"",""avatar"":""https://api.dicebear.com/9.x/personas/svg?seed=01JGJ8NP5VXXT2KXEA8CTWEJZZ""}},{""text"":""3 squirrels 18 rabbits"",""time"":1735780420905,""round"":8,""recipient"":""01JGJ8NP5VXXT2KXEA8CTWEJZZ"",""sender"":{""id"":""01JGJ8EG842FDVC5C0YTD0YVCT"",""name"":""player 1"",""avatar"":""https://api.dicebear.com/9.x/personas/svg?seed=01JGJ8EG842FDVC5C0YTD0YVCT""}},{""text"":""current tally i have is 54 rabbits to 15 squirrels"",""time"":1735780430813,""round"":8,""recipient"":""01JGJ8FGEKNEMV6BVYQ46ASE3B"",""sender"":{""id"":""01JGJ8NDJE69WXDGNEW1G7YDMZ"",""name"":""player 3"",""avatar"":""https://api.dicebear.com/9.x/personas/svg?seed=01JGJ8NDJE69WXDGNEW1G7YDMZ""}},{""text"":""including yours"",""time"":1735780432723,""round"":8,""recipient"":""01JGJ8FGEKNEMV6BVYQ46ASE3B"",""sender"":{""id"":""01JGJ8NDJE69WXDGNEW1G7YDMZ"",""name"":""player 3"",""avatar"":""https://api.dicebear.com/9.x/personas/svg?seed=01JGJ8NDJE69WXDGNEW1G7YDMZ""}}]",2025-01-02T01:13:52.791261927Z,true,2025-01-02T01:14:30.272152656Z,end of game,2025-01-02T01:14:30.278733922Z,01JGJ7Q38WZKGRMP667TCN44VZ,2025-01-02T00:47:44.414378456Z,01JGJ8Q3P9Z7HXS3CGVRKTGB3Q,2025-01-02T01:05:13.420705857Z,"[{""text"":""i saw 1 squirrel"",""time"":1735780033584,""round"":1,""recipient"":""01JGJ8EG842FDVC5C0YTD0YVCT"",""sender"":{""id"":""01JGJ8NDJE69WXDGNEW1G7YDMZ"",""name"":""player 3"",""avatar"":""https://api.dicebear.com/9.x/personas/svg?seed=01JGJ8NDJE69WXDGNEW1G7YDMZ""}},{""text"":""1 squirrel"",""time"":1735776424248,""round"":1,""recipient"":""01JGJ8NP5VXXT2KXEA8CTWEJZZ"",""sender"":{""id"":""01JGJ8FGEKNEMV6BVYQ46ASE3B"",""name"":""player 2"",""avatar"":""https://api.dicebear.com/9.x/personas/svg?seed=01JGJ8FGEKNEMV6BVYQ46ASE3B""}},{""text"":""what did you see?"",""time"":1735780037531,""round"":1,""recipient"":""01JGJ8EG842FDVC5C0YTD0YVCT"",""sender"":{""id"":""01JGJ8NDJE69WXDGNEW1G7YDMZ"",""name"":""player 3"",""avatar"":""https://api.dicebear.com/9.x/personas/svg?seed=01JGJ8NDJE69WXDGNEW1G7YDMZ""}},{""text"":""I saw 3 squirrels, mostly rabbits"",""time"":1735780044726,""round"":1,""recipient"":""01JGJ8NDJE69WXDGNEW1G7YDMZ"",""sender"":{""id"":""01JGJ8EG842FDVC5C0YTD0YVCT"",""name"":""player 1"",""avatar"":""https://api.dicebear.com/9.x/personas/svg?seed=01JGJ8EG842FDVC5C0YTD0YVCT""}},{""text"":""i have one too"",""time"":1735780044503,""round"":1,""recipient"":""01JGJ8FGEKNEMV6BVYQ46ASE3B"",""sender"":{""id"":""01JGJ8NP5VXXT2KXEA8CTWEJZZ"",""name"":""player 4"",""avatar"":""https://api.dicebear.com/9.x/personas/svg?seed=01JGJ8NP5VXXT2KXEA8CTWEJZZ""}},{""text"":""gotcha thanks"",""time"":1735780054102,""round"":1,""recipient"":""01JGJ8EG842FDVC5C0YTD0YVCT"",""sender"":{""id"":""01JGJ8NDJE69WXDGNEW1G7YDMZ"",""name"":""player 3"",""avatar"":""https://api.dicebear.com/9.x/personas/svg?seed=01JGJ8NDJE69WXDGNEW1G7YDMZ""}},{""text"":""1 squirrel"",""time"":1735780093501,""round"":2,""recipient"":""01JGJ8NDJE69WXDGNEW1G7YDMZ"",""sender"":{""id"":""01JGJ8NP5VXXT2KXEA8CTWEJZZ"",""name"":""player 4"",""avatar"":""https://api.dicebear.com/9.x/personas/svg?seed=01JGJ8NP5VXXT2KXEA8CTWEJZZ""}},{""text"":""i saw 1 squirrel"",""time"":1735780093947,""round"":2,""recipient"":""01JGJ8FGEKNEMV6BVYQ46ASE3B"",""sender"":{""id"":""01JGJ8NDJE69WXDGNEW1G7YDMZ"",""name"":""player 3"",""avatar"":""https://api.dicebear.com/9.x/personas/svg?seed=01JGJ8NDJE69WXDGNEW1G7YDMZ""}},{""text"":""3 squirrels, the rest rabbits"",""time"":1735780104471,""round"":2,""recipient"":""01JGJ8NP5VXXT2KXEA8CTWEJZZ"",""sender"":{""id"":""01JGJ8EG842FDVC5C0YTD0YVCT"",""name"":""player 1"",""avatar"":""https://api.dicebear.com/9.x/personas/svg?seed=01JGJ8EG842FDVC5C0YTD0YVCT""}},{""text"":""okay one of the other neighbors said they saw 3 squirrels and mostly rabbits"",""time"":1735780107923,""round"":2,""recipient"":""01JGJ8FGEKNEMV6BVYQ46ASE3B"",""sender"":{""id"":""01JGJ8NDJE69WXDGNEW1G7YDMZ"",""name"":""player 3"",""avatar"":""https://api.dicebear.com/9.x/personas/svg?seed=01JGJ8NDJE69WXDGNEW1G7YDMZ""}},{""text"":""any other info u have?"",""time"":1735780110652,""round"":2,""recipient"":""01JGJ8FGEKNEMV6BVYQ46ASE3B"",""sender"":{""id"":""01JGJ8NDJE69WXDGNEW1G7YDMZ"",""name"":""player 3"",""avatar"":""https://api.dicebear.com/9.x/personas/svg?seed=01JGJ8NDJE69WXDGNEW1G7YDMZ""}},{""text"":""how many rabbits?"",""time"":1735780111277,""round"":2,""recipient"":""01JGJ8NDJE69WXDGNEW1G7YDMZ"",""sender"":{""id"":""01JGJ8NP5VXXT2KXEA8CTWEJZZ"",""name"":""player 4"",""avatar"":""https://api.dicebear.com/9.x/personas/svg?seed=01JGJ8NP5VXXT2KXEA8CTWEJZZ""}},{""text"":""1 squirrel"",""time"":1735780147758,""round"":3,""recipient"":""01JGJ8NP5VXXT2KXEA8CTWEJZZ"",""sender"":{""id"":""01JGJ8NDJE69WXDGNEW1G7YDMZ"",""name"":""player 3"",""avatar"":""https://api.dicebear.com/9.x/personas/svg?seed=01JGJ8NDJE69WXDGNEW1G7YDMZ""}},{""text"":""1 squirrel 0 rabbits"",""time"":1735780149687,""round"":3,""recipient"":""01JGJ8EG842FDVC5C0YTD0YVCT"",""sender"":{""id"":""01JGJ8NP5VXXT2KXEA8CTWEJZZ"",""name"":""player 4"",""avatar"":""https://api.dicebear.com/9.x/personas/svg?seed=01JGJ8NP5VXXT2KXEA8CTWEJZZ""}},{""text"":""what did u see"",""time"":1735780150072,""round"":3,""recipient"":""01JGJ8NP5VXXT2KXEA8CTWEJZZ"",""sender"":{""id"":""01JGJ8NDJE69WXDGNEW1G7YDMZ"",""name"":""player 3"",""avatar"":""https://api.dicebear.com/9.x/personas/svg?seed=01JGJ8NDJE69WXDGNEW1G7YDMZ""}},{""text"":""3 squirrels the rest were rabbits"",""time"":1735780161222,""round"":3,""recipient"":""01JGJ8FGEKNEMV6BVYQ46ASE3B"",""sender"":{""id"":""01JGJ8EG842FDVC5C0YTD0YVCT"",""name"":""player 1"",""avatar"":""https://api.dicebear.com/9.x/personas/svg?seed=01JGJ8EG842FDVC5C0YTD0YVCT""}},{""text"":""1 squirrel. nothing else"",""time"":1735776557309,""round"":3,""recipient"":""01JGJ8NDJE69WXDGNEW1G7YDMZ"",""sender"":{""id"":""01JGJ8FGEKNEMV6BVYQ46ASE3B"",""name"":""player 2"",""avatar"":""https://api.dicebear.com/9.x/personas/svg?seed=01JGJ8FGEKNEMV6BVYQ46ASE3B""}},{""text"":""1 squirrel"",""time"":1735780193356,""round"":4,""recipient"":""01JGJ8EG842FDVC5C0YTD0YVCT"",""sender"":{""id"":""01JGJ8NDJE69WXDGNEW1G7YDMZ"",""name"":""player 3"",""avatar"":""https://api.dicebear.com/9.x/personas/svg?seed=01JGJ8NDJE69WXDGNEW1G7YDMZ""}},{""text"":""1 squirrel 0 rabbits"",""time"":1735780194515,""round"":4,""recipient"":""01JGJ8FGEKNEMV6BVYQ46ASE3B"",""sender"":{""id"":""01JGJ8NP5VXXT2KXEA8CTWEJZZ"",""name"":""player 4"",""avatar"":""https://api.dicebear.com/9.x/personas/svg?seed=01JGJ8NP5VXXT2KXEA8CTWEJZZ""}},{""text"":""3 squirrels, the rest were a bunch of rabbits"",""time"":1735780198742,""round"":4,""recipient"":""01JGJ8NDJE69WXDGNEW1G7YDMZ"",""sender"":{""id"":""01JGJ8EG842FDVC5C0YTD0YVCT"",""name"":""player 1"",""avatar"":""https://api.dicebear.com/9.x/personas/svg?seed=01JGJ8EG842FDVC5C0YTD0YVCT""}},{""text"":""same"",""time"":1735776588213,""round"":4,""recipient"":""01JGJ8NP5VXXT2KXEA8CTWEJZZ"",""sender"":{""id"":""01JGJ8FGEKNEMV6BVYQ46ASE3B"",""name"":""player 2"",""avatar"":""https://api.dicebear.com/9.x/personas/svg?seed=01JGJ8FGEKNEMV6BVYQ46ASE3B""}},{""text"":""how many"",""time"":1735780202811,""round"":4,""recipient"":""01JGJ8EG842FDVC5C0YTD0YVCT"",""sender"":{""id"":""01JGJ8NDJE69WXDGNEW1G7YDMZ"",""name"":""player 3"",""avatar"":""https://api.dicebear.com/9.x/personas/svg?seed=01JGJ8NDJE69WXDGNEW1G7YDMZ""}},{""text"":""could u count?"",""time"":1735780207513,""round"":4,""recipient"":""01JGJ8EG842FDVC5C0YTD0YVCT"",""sender"":{""id"":""01JGJ8NDJE69WXDGNEW1G7YDMZ"",""name"":""player 3"",""avatar"":""https://api.dicebear.com/9.x/personas/svg?seed=01JGJ8NDJE69WXDGNEW1G7YDMZ""}},{""text"":""one other neighbor said the same"",""time"":1735780213704,""round"":4,""recipient"":""01JGJ8EG842FDVC5C0YTD0YVCT"",""sender"":{""id"":""01JGJ8NDJE69WXDGNEW1G7YDMZ"",""name"":""player 3"",""avatar"":""https://api.dicebear.com/9.x/personas/svg?seed=01JGJ8NDJE69WXDGNEW1G7YDMZ""}},{""text"":""18"",""time"":1735780216454,""round"":4,""recipient"":""01JGJ8NDJE69WXDGNEW1G7YDMZ"",""sender"":{""id"":""01JGJ8EG842FDVC5C0YTD0YVCT"",""name"":""player 1"",""avatar"":""https://api.dicebear.com/9.x/personas/svg?seed=01JGJ8EG842FDVC5C0YTD0YVCT""}},{""text"":""2 others said 1 squirrel"",""time"":1735780218001,""round"":4,""recipient"":""01JGJ8EG842FDVC5C0YTD0YVCT"",""sender"":{""id"":""01JGJ8NDJE69WXDGNEW1G7YDMZ"",""name"":""player 3"",""avatar"":""https://api.dicebear.com/9.x/personas/svg?seed=01JGJ8NDJE69WXDGNEW1G7YDMZ""}},{""text"":""1 squirrel"",""time"":1735780249074,""round"":5,""recipient"":""01JGJ8FGEKNEMV6BVYQ46ASE3B"",""sender"":{""id"":""01JGJ8NDJE69WXDGNEW1G7YDMZ"",""name"":""player 3"",""avatar"":""https://api.dicebear.com/9.x/personas/svg?seed=01JGJ8NDJE69WXDGNEW1G7YDMZ""}},{""text"":""1 squirrel 0 rabbits"",""time"":1735780251684,""round"":5,""recipient"":""01JGJ8NDJE69WXDGNEW1G7YDMZ"",""sender"":{""id"":""01JGJ8NP5VXXT2KXEA8CTWEJZZ"",""name"":""player 4"",""avatar"":""https://api.dicebear.com/9.x/personas/svg?seed=01JGJ8NP5VXXT2KXEA8CTWEJZZ""}},{""text"":""okay 4 of us so far said 1 squirrel"",""time"":1735780259164,""round"":5,""recipient"":""01JGJ8FGEKNEMV6BVYQ46ASE3B"",""sender"":{""id"":""01JGJ8NDJE69WXDGNEW1G7YDMZ"",""name"":""player 3"",""avatar"":""https://api.dicebear.com/9.x/personas/svg?seed=01JGJ8NDJE69WXDGNEW1G7YDMZ""}},{""text"":""3 squirrels 18 rabbits"",""time"":1735780261782,""round"":5,""recipient"":""01JGJ8NP5VXXT2KXEA8CTWEJZZ"",""sender"":{""id"":""01JGJ8EG842FDVC5C0YTD0YVCT"",""name"":""player 1"",""avatar"":""https://api.dicebear.com/9.x/personas/svg?seed=01JGJ8EG842FDVC5C0YTD0YVCT""}},{""text"":""and 2 said 3 squirrel and 18 rabbits seems like"",""time"":1735780267304,""round"":5,""recipient"":""01JGJ8FGEKNEMV6BVYQ46ASE3B"",""sender"":{""id"":""01JGJ8NDJE69WXDGNEW1G7YDMZ"",""name"":""player 3"",""avatar"":""https://api.dicebear.com/9.x/personas/svg?seed=01JGJ8NDJE69WXDGNEW1G7YDMZ""}},{""text"":""Same, my pic has been the same for the entire game"",""time"":1735776655493,""round"":5,""recipient"":""01JGJ8EG842FDVC5C0YTD0YVCT"",""sender"":{""id"":""01JGJ8FGEKNEMV6BVYQ46ASE3B"",""name"":""player 2"",""avatar"":""https://api.dicebear.com/9.x/personas/svg?seed=01JGJ8FGEKNEMV6BVYQ46ASE3B""}},{""text"":""1 squirrel"",""time"":1735780303529,""round"":6,""recipient"":""01JGJ8NP5VXXT2KXEA8CTWEJZZ"",""sender"":{""id"":""01JGJ8NDJE69WXDGNEW1G7YDMZ"",""name"":""player 3"",""avatar"":""https://api.dicebear.com/9.x/personas/svg?seed=01JGJ8NDJE69WXDGNEW1G7YDMZ""}},{""text"":""1 squirrel 0 rabbits"",""time"":1735780306005,""round"":6,""recipient"":""01JGJ8EG842FDVC5C0YTD0YVCT"",""sender"":{""id"":""01JGJ8NP5VXXT2KXEA8CTWEJZZ"",""name"":""player 4"",""avatar"":""https://api.dicebear.com/9.x/personas/svg?seed=01JGJ8NP5VXXT2KXEA8CTWEJZZ""}},{""text"":""3 squirrels 18 rabbits"",""time"":1735780310470,""round"":6,""recipient"":""01JGJ8FGEKNEMV6BVYQ46ASE3B"",""sender"":{""id"":""01JGJ8EG842FDVC5C0YTD0YVCT"",""name"":""player 1"",""avatar"":""https://api.dicebear.com/9.x/personas/svg?seed=01JGJ8EG842FDVC5C0YTD0YVCT""}},{""text"":""1 squirrel"",""time"":1735776702970,""round"":6,""recipient"":""01JGJ8NDJE69WXDGNEW1G7YDMZ"",""sender"":{""id"":""01JGJ8FGEKNEMV6BVYQ46ASE3B"",""name"":""player 2"",""avatar"":""https://api.dicebear.com/9.x/personas/svg?seed=01JGJ8FGEKNEMV6BVYQ46ASE3B""}},{""text"":""ive tallied all the neighbors so far and have 36 rabbits to 10 squirrels"",""time"":1735780321097,""round"":6,""recipient"":""01JGJ8NP5VXXT2KXEA8CTWEJZZ"",""sender"":{""id"":""01JGJ8NDJE69WXDGNEW1G7YDMZ"",""name"":""player 3"",""avatar"":""https://api.dicebear.com/9.x/personas/svg?seed=01JGJ8NDJE69WXDGNEW1G7YDMZ""}},{""text"":""now 11 with ur input"",""time"":1735780324317,""round"":6,""recipient"":""01JGJ8NP5VXXT2KXEA8CTWEJZZ"",""sender"":{""id"":""01JGJ8NDJE69WXDGNEW1G7YDMZ"",""name"":""player 3"",""avatar"":""https://api.dicebear.com/9.x/personas/svg?seed=01JGJ8NDJE69WXDGNEW1G7YDMZ""}},{""text"":""1 squirrel"",""time"":1735780358058,""round"":7,""recipient"":""01JGJ8EG842FDVC5C0YTD0YVCT"",""sender"":{""id"":""01JGJ8NDJE69WXDGNEW1G7YDMZ"",""name"":""player 3"",""avatar"":""https://api.dicebear.com/9.x/personas/svg?seed=01JGJ8NDJE69WXDGNEW1G7YDMZ""}},{""text"":""1 squirrel 0 rabbits"",""time"":1735780361387,""round"":7,""recipient"":""01JGJ8FGEKNEMV6BVYQ46ASE3B"",""sender"":{""id"":""01JGJ8NP5VXXT2KXEA8CTWEJZZ"",""name"":""player 4"",""avatar"":""https://api.dicebear.com/9.x/personas/svg?seed=01JGJ8NP5VXXT2KXEA8CTWEJZZ""}},{""text"":""3 squirrels 18 rabbits"",""time"":1735780362838,""round"":7,""recipient"":""01JGJ8NDJE69WXDGNEW1G7YDMZ"",""sender"":{""id"":""01JGJ8EG842FDVC5C0YTD0YVCT"",""name"":""player 1"",""avatar"":""https://api.dicebear.com/9.x/personas/svg?seed=01JGJ8EG842FDVC5C0YTD0YVCT""}},{""text"":""same"",""time"":1735776756427,""round"":7,""recipient"":""01JGJ8NP5VXXT2KXEA8CTWEJZZ"",""sender"":{""id"":""01JGJ8FGEKNEMV6BVYQ46ASE3B"",""name"":""player 2"",""avatar"":""https://api.dicebear.com/9.x/personas/svg?seed=01JGJ8FGEKNEMV6BVYQ46ASE3B""}},{""text"":""1 squirrel"",""time"":1735780415206,""round"":8,""recipient"":""01JGJ8FGEKNEMV6BVYQ46ASE3B"",""sender"":{""id"":""01JGJ8NDJE69WXDGNEW1G7YDMZ"",""name"":""player 3"",""avatar"":""https://api.dicebear.com/9.x/personas/svg?seed=01JGJ8NDJE69WXDGNEW1G7YDMZ""}},{""text"":""1 squirrel 0 rabbits"",""time"":1735780419685,""round"":8,""recipient"":""01JGJ8NDJE69WXDGNEW1G7YDMZ"",""sender"":{""id"":""01JGJ8NP5VXXT2KXEA8CTWEJZZ"",""name"":""player 4"",""avatar"":""https://api.dicebear.com/9.x/personas/svg?seed=01JGJ8NP5VXXT2KXEA8CTWEJZZ""}},{""text"":""3 squirrels 18 rabbits"",""time"":1735780420905,""round"":8,""recipient"":""01JGJ8NP5VXXT2KXEA8CTWEJZZ"",""sender"":{""id"":""01JGJ8EG842FDVC5C0YTD0YVCT"",""name"":""player 1"",""avatar"":""https://api.dicebear.com/9.x/personas/svg?seed=01JGJ8EG842FDVC5C0YTD0YVCT""}},{""text"":""current tally i have is 54 rabbits to 15 squirrels"",""time"":1735780430813,""round"":8,""recipient"":""01JGJ8FGEKNEMV6BVYQ46ASE3B"",""sender"":{""id"":""01JGJ8NDJE69WXDGNEW1G7YDMZ"",""name"":""player 3"",""avatar"":""https://api.dicebear.com/9.x/personas/svg?seed=01JGJ8NDJE69WXDGNEW1G7YDMZ""}},{""text"":""including yours"",""time"":1735780432723,""round"":8,""recipient"":""01JGJ8FGEKNEMV6BVYQ46ASE3B"",""sender"":{""id"":""01JGJ8NDJE69WXDGNEW1G7YDMZ"",""name"":""player 3"",""avatar"":""https://api.dicebear.com/9.x/personas/svg?seed=01JGJ8NDJE69WXDGNEW1G7YDMZ""}}]",2025-01-02T01:13:52.797356515Z,7,2025-01-02T01:06:37.375824782Z,null,2025-01-02T01:14:30.272152656Z,true,2025-01-02T01:06:37.308032349Z,ended,2025-01-02T01:14:30.278733922Z,"{""condition"":""interactive"",""opinion"":""slider"",""playerCount"":4,""sliderDirection"":""RabbitsSquirrels""}",2025-01-02T00:47:44.409025983Z,RS_interactive,2025-01-02T00:47:44.409025983Z
01JGJ91VJH075JR7FCHZ0ZNBRG,01JGJ91VJB96BD050J4248JZJ3,2025-01-02T01:11:05.55356989Z,,,false,2025-01-02T01:11:05.55356989Z,,,01JGJ91VJR205DEX0606TBVYZ1,2025-01-02T01:11:05.563488711Z,01JGJ9JCQ99BS6SK8QYRTFVS6A,2025-01-02T01:20:07.405982731Z,,,7,2025-01-02T01:22:06.784941754Z,01JGJ9P1EMRSBYB6PTPD2NX4HK,2025-01-02T01:22:37.134595661Z,true,2025-01-02T01:22:06.738958473Z,running,2025-01-02T01:22:06.765421462Z,"{""condition"":""interactive"",""opinion"":""slider"",""playerCount"":4,""sliderDirection"":""RabbitsSquirrels""}",2025-01-02T01:11:05.55356989Z,RS_interactive,2025-01-02T01:11:05.55356989Z
01JGJ7PXGE9A7CFW9BQ9WYMP90,01JGJ7PXG3NJYRX9YQ8NVC8E8K,2025-01-02T00:47:38.510236395Z,,,false,2025-01-02T00:47:38.510236395Z,,,01JGJ7PXGQ053Q507YNC0FRZ4M,2025-01-02T00:47:38.522069845Z,,,,,,,,,false,2025-01-02T00:47:38.510236395Z,,,"{""condition"":""interactive"",""opinion"":""slider"",""playerCount"":4,""sliderDirection"":""RabbitsSquirrels""}",2025-01-02T00:47:38.510236395Z,RS_interactive,2025-01-02T00:47:38.510236395Z
01JGJ7Q023BCKA41BBZ8E8J1B3,01JGJ7Q01YM1Q3RD118Y4ZFC1J,2025-01-02T00:47:41.123502877Z,,,false,2025-01-02T00:47:41.123502877Z,,,01JGJ7Q027RZPDBKFHEDV5SWKC,2025-01-02T00:47:41.131950148Z,,,,,,,,,false,2025-01-02T00:47:41.123502877Z,,,"{""condition"":""interactive"",""opinion"":""slider"",""playerCount"":4,""sliderDirection"":""RabbitsSquirrels""}",2025-01-02T00:47:41.123502877Z,RS_interactive,2025-01-02T00:47:41.123502877Z
