id,intro,introLastChangedAt,introDone,introDoneLastChangedAt,treatment,treatmentLastChangedAt,participantIdentifier,participantIdentifierLastChangedAt,ended,endedLastChangedAt,treatmentName,treatmentNameLastChangedAt,gameID,gameIDLastChangedAt,recipient,recipientLastChangedAt,participantID,participantIDLastChangedAt,name,nameLastChangedAt,urlParams,urlParamsLastChangedAt,emojiArray,emojiArrayLastChangedAt,exitStep,exitStepLastChangedAt,exitSurvey,exitSurveyLastChangedAt
01HWE2BJRE2HRZ30BWE37E0812,4,2024-04-26T20:44:53.788711222Z,true,2024-04-26T20:44:56.296559327Z,"{""condition"":""unidirectional"",""opinion"":""slider"",""playerCount"":4,""trueP"":0.7}",2024-04-26T20:43:09.980303365Z,649c2f4f97c521d83289c1d1,2024-04-26T20:43:09.966726282Z,game ended,2024-04-26T21:01:57.350014667Z,rerun-unidirectional- 0.7,2024-04-26T20:43:09.980303365Z,01HWE21TSBGYD1J8WMBWFWMYH0,2024-04-26T20:43:09.980303365Z,01HWE2D830HD2AGKCHDS5T67A1,2024-04-26T21:00:57.105975733Z,01HWE2BJBPCFW8BDPHXRQTFYZX,2024-04-26T20:43:09.966726282Z,player 1,2024-04-26T20:50:24.233738577Z,{},2024-04-26T20:43:10.198179789Z,"[""🐿️"",""🐇"",""🐇"",""                                   "",""🐇"",""🐇""]",2024-04-26T20:50:24.233738577Z,,,,
01HWE2D830HD2AGKCHDS5T67A1,4,2024-04-26T20:49:05.60172155Z,true,2024-04-26T20:49:58.821122793Z,"{""condition"":""unidirectional"",""opinion"":""slider"",""playerCount"":4,""trueP"":0.7}",2024-04-26T20:44:04.585882127Z,5d5f9140b509890001fb9406,2024-04-26T20:44:04.576666496Z,game ended,2024-04-26T21:01:57.350014667Z,rerun-unidirectional- 0.7,2024-04-26T20:44:04.585882127Z,01HWE21TSBGYD1J8WMBWFWMYH0,2024-04-26T20:44:04.585882127Z,01HWE2K4P42T602HAS5TC1R4HT,2024-04-26T21:00:57.105975733Z,01HWE2D7X45WVG25C2MPK7FC2P,2024-04-26T20:44:04.576666496Z,player 2,2024-04-26T20:50:24.233738577Z,{},2024-04-26T20:44:04.691607447Z,"[""🐇"",""🐇"",""🐇"",""🐿️"",""🐇"",""🐇"",""🐿️"",""🐇"",""                                   "",""🐿️""]",2024-04-26T20:50:24.233738577Z,1,2024-04-26T21:05:59.27304427Z,"{""age"":""45"",""gender"":""Female"",""strength"":""I could guess the population ratio easily."",""fair"":""Yes."",""feedback"":""I didn't receive the messages from others three times."",""education"":""other"",""teammates"":""Yes."",""notes"":""No, I didn't."",""politics"":""Center"",""geo"":""Japan"",""ethnicity"":""Asian""}",2024-04-26T21:05:59.286103873Z
01HWE2GXM5GSDCWAJR4X39WXJ3,3,2024-04-26T20:47:35.15689007Z,,,"{""condition"":""unidirectional"",""opinion"":""slider"",""playerCount"":4,""trueP"":0.7}",2024-04-26T20:50:26.266719892Z,65245afedbbe6c6799812289,2024-04-26T20:46:04.933835832Z,game terminated,2024-04-26T20:52:09.602366944Z,rerun-unidirectional- 0.7,2024-04-26T20:50:26.266719892Z,01HWE21STW7FS1GS8W1W1RTRE1,2024-04-26T20:50:26.266719892Z,,,01HWE2GX90H2JRZYB8KB9FCC16,2024-04-26T20:46:04.933835832Z,,,{},2024-04-26T20:46:05.122744506Z,,,1,2024-04-26T20:51:30.690793948Z,"{""age"":""21"",""gender"":""Male"",""strength"":""Yeah i put lots of effort"",""fair"":""yes it is "",""feedback"":""No problemss"",""education"":""high-school"",""teammates"":""mostly they were good"",""notes"":""Yes i did"",""politics"":""Left"",""geo"":""Türkiye"",""ethnicity"":""Turkish""}",2024-04-26T20:51:30.694084608Z
01HWE2HS4QESAFTQCMPAFRTJMM,4,2024-04-26T20:50:12.961864516Z,,,"{""condition"":""unidirectional"",""opinion"":""slider"",""playerCount"":4,""trueP"":0.7}",2024-04-26T20:50:26.266719892Z,660f16760827ed8939765ee0,2024-04-26T20:46:33.111594603Z,game terminated,2024-04-26T20:52:09.602366944Z,rerun-unidirectional- 0.7,2024-04-26T20:50:26.266719892Z,01HWE21STW7FS1GS8W1W1RTRE1,2024-04-26T20:50:26.266719892Z,,,01HWE2HRHQEWQR6ZJPC5SF2XGR,2024-04-26T20:46:33.111594603Z,,,{},2024-04-26T20:46:33.422765245Z,,,1,2024-04-26T20:51:47.347507512Z,"{""age"":""44"",""gender"":""female"",""strength"":"""",""fair"":"""",""feedback"":"""",""education"":""master"",""teammates"":"""",""notes"":""The game exited and didnt let me play. "",""politics"":""-"",""geo"":""British"",""ethnicity"":""white""}",2024-04-26T20:51:47.349935269Z
01HWE2K4P42T602HAS5TC1R4HT,4,2024-04-26T20:49:36.860507279Z,true,2024-04-26T20:49:42.834082174Z,"{""condition"":""unidirectional"",""opinion"":""slider"",""playerCount"":4,""trueP"":0.7}",2024-04-26T20:47:17.711065181Z,614ba2726bd7fd445dd1d190,2024-04-26T20:47:17.700500426Z,game ended,2024-04-26T21:01:57.350014667Z,rerun-unidirectional- 0.7,2024-04-26T20:47:17.711065181Z,01HWE21TSBGYD1J8WMBWFWMYH0,2024-04-26T20:47:17.711065181Z,01HWE2KHXSQ44FPJAKC5XRBSG9,2024-04-26T21:00:57.105975733Z,01HWE2K3X5WKR1FA2WAH38Z9VD,2024-04-26T20:47:17.700500426Z,player 3,2024-04-26T20:50:24.233738577Z,{},2024-04-26T20:47:18.008760828Z,"[""🐇"",""🐇"",""                                   "",""🐿️"",""🐿️""]",2024-04-26T20:50:24.233738577Z,1,2024-04-26T21:03:04.312432637Z,"{""age"":""23"",""gender"":""female"",""strength"":""I said all the information"",""fair"":""Yeah"",""feedback"":"""",""education"":""bachelor"",""teammates"":""Not sure if they were including all information"",""notes"":""Yes"",""politics"":""Left"",""geo"":""UK"",""ethnicity"":""white""}",2024-04-26T21:03:04.314146293Z
01HWE2KHXSQ44FPJAKC5XRBSG9,4,2024-04-26T20:50:19.15810019Z,true,2024-04-26T20:50:24.148221612Z,"{""condition"":""unidirectional"",""opinion"":""slider"",""playerCount"":4,""trueP"":0.7}",2024-04-26T20:47:31.272091498Z,6146548679f86b7cb069e7f7,2024-04-26T20:47:31.257281002Z,game ended,2024-04-26T21:01:57.350014667Z,rerun-unidirectional- 0.7,2024-04-26T20:47:31.272091498Z,01HWE21TSBGYD1J8WMBWFWMYH0,2024-04-26T20:47:31.272091498Z,01HWE2BJRE2HRZ30BWE37E0812,2024-04-26T21:00:57.105975733Z,01HWE2KH44B5QD5FMA7FQ8GS35,2024-04-26T20:47:31.257281002Z,player 4,2024-04-26T20:50:24.233738577Z,{},2024-04-26T20:47:31.61650714Z,"[""🐇"",""                                   "",""🐇""]",2024-04-26T20:50:24.233738577Z,1,2024-04-26T21:03:34.433764253Z,"{""age"":""33"",""gender"":""female"",""strength"":""mathematically"",""fair"":""no"",""feedback"":""I felt not enough people provided information."",""education"":""high-school"",""teammates"":""no not really"",""notes"":""mental notes"",""politics"":"""",""geo"":"""",""ethnicity"":""white british""}",2024-04-26T21:03:34.431784399Z
01HWE2MBNXCF3DAF9QM787DHK5,3,2024-04-26T20:49:18.800049364Z,,,"{""condition"":""unidirectional"",""opinion"":""slider"",""playerCount"":4,""trueP"":0.7}",2024-04-26T20:50:26.266719892Z,5ed2543942283e0366dadbdc,2024-04-26T20:47:57.629635654Z,game terminated,2024-04-26T20:52:09.602366944Z,rerun-unidirectional- 0.7,2024-04-26T20:50:26.266719892Z,01HWE21STW7FS1GS8W1W1RTRE1,2024-04-26T20:50:26.266719892Z,,,01HWE2MARYMYVZA8N97MZZBHBS,2024-04-26T20:47:57.629635654Z,,,{},2024-04-26T20:47:58.104747847Z,,,1,2024-04-26T20:51:25.090647091Z,"{""age"":""43"",""gender"":""F"",""strength"":""None"",""fair"":""Yes"",""feedback"":""None"",""education"":""master"",""teammates"":""No"",""notes"":""Mo"",""politics"":""Middle "",""geo"":""Bristol "",""ethnicity"":""White""}",2024-04-26T20:51:25.093226618Z
01HWE2N2794RYP2BBW32BHC1ZN,1,2024-04-26T20:48:29.666669913Z,,,"{""condition"":""unidirectional"",""opinion"":""slider"",""playerCount"":4,""trueP"":0.7}",2024-04-26T20:50:26.266719892Z,65ea4235b68432c9d49ffafc,2024-04-26T20:48:20.713574938Z,game terminated,2024-04-26T20:52:09.602366944Z,rerun-unidirectional- 0.7,2024-04-26T20:50:26.266719892Z,01HWE21STW7FS1GS8W1W1RTRE1,2024-04-26T20:50:26.266719892Z,,,01HWE2N0HQ43PG0DG2DVRP8GYA,2024-04-26T20:48:20.713574938Z,,,{},2024-04-26T20:48:21.412371667Z,,,,,,
01HWE2NCB86WVB5CZTWM7QC2ET,1,2024-04-26T20:48:44.833848485Z,,,"{""condition"":""unidirectional"",""opinion"":""slider"",""playerCount"":4,""trueP"":0.7}",2024-04-26T20:50:26.266719892Z,5f69d524183920000a9f9d14,2024-04-26T20:48:31.08045273Z,game terminated,2024-04-26T20:52:09.602366944Z,rerun-unidirectional- 0.7,2024-04-26T20:50:26.266719892Z,01HWE21STW7FS1GS8W1W1RTRE1,2024-04-26T20:50:26.266719892Z,,,01HWE2NBQAM14G256GA9KX6GEW,2024-04-26T20:48:31.08045273Z,,,{},2024-04-26T20:48:31.416087841Z,,,1,2024-04-26T20:51:10.478905675Z,"{""age"":""33"",""gender"":""female"",""strength"":"""",""fair"":"""",""feedback"":"""",""education"":""master"",""teammates"":""yes"",""notes"":""yes"",""politics"":""left"",""geo"":""UK"",""ethnicity"":""asian""}",2024-04-26T20:51:10.477868839Z
01HWE2PXZ79RJGYPPPHJQ4RBJ2,1,2024-04-26T20:49:32.897304403Z,,,"{""condition"":""unidirectional"",""opinion"":""slider"",""playerCount"":4,""trueP"":0.7}",2024-04-26T20:50:26.266719892Z,5ca6583e4f3e9d001644113b,2024-04-26T20:49:21.895708216Z,game terminated,2024-04-26T20:52:09.602366944Z,rerun-unidirectional- 0.7,2024-04-26T20:50:26.266719892Z,01HWE21STW7FS1GS8W1W1RTRE1,2024-04-26T20:50:26.266719892Z,,,01HWE2PXBYJXN3D69X974V6V9B,2024-04-26T20:49:21.895708216Z,,,{},2024-04-26T20:49:22.209075231Z,,,1,2024-04-26T20:51:12.180137325Z,"{""age"":""33"",""gender"":""Male"",""strength"":""Game skipped straight to exit survey. Couldn't play."",""fair"":""Game skipped straight to exit survey. Couldn't play."",""feedback"":""Game skipped straight to exit survey. Couldn't play."",""education"":""high-school"",""teammates"":""Game skipped straight to exit survey. Couldn't play."",""notes"":""Game skipped straight to exit survey. Couldn't play."",""politics"":""Left"",""geo"":""Scottish"",""ethnicity"":""Caucasion""}",2024-04-26T20:51:12.178439889Z
01HWE2TT822RKKDSYXA3Z8A88F,1,2024-04-26T20:51:31.289279329Z,,,"{""condition"":""unidirectional"",""opinion"":""slider"",""playerCount"":4,""trueP"":0.7}",2024-04-26T20:51:29.159511079Z,5c68581b47a5f100014a2fcd,2024-04-26T20:51:29.154223891Z,game terminated,2024-04-26T20:52:09.602366944Z,rerun-unidirectional- 0.7,2024-04-26T20:51:29.159511079Z,01HWE21STW7FS1GS8W1W1RTRE1,2024-04-26T20:51:29.159511079Z,,,01HWE2TSMTZERVZZHAJZYQ52Z7,2024-04-26T20:51:29.154223891Z,,,{},2024-04-26T20:51:29.467611233Z,,,1,2024-04-26T20:53:33.606673754Z,"{""age"":""39"",""gender"":""Female"",""strength"":""Ok"",""fair"":""Yes"",""feedback"":""Game didnt load"",""education"":""high-school"",""teammates"":""Yes"",""notes"":""Yes"",""politics"":""Conservative"",""geo"":""British"",""ethnicity"":""White British""}",2024-04-26T20:53:33.606147962Z
01HWE2VKSWJQM0Z8V2XRQMMT6P,1,2024-04-26T20:52:05.105618234Z,,,"{""condition"":""unidirectional"",""opinion"":""slider"",""playerCount"":4,""trueP"":0.7}",2024-04-26T20:51:55.333782542Z,5df15d3e192ef006f48c6a49,2024-04-26T20:51:55.324991157Z,game terminated,2024-04-26T20:52:09.602366944Z,rerun-unidirectional- 0.7,2024-04-26T20:51:55.333782542Z,01HWE21STW7FS1GS8W1W1RTRE1,2024-04-26T20:51:55.333782542Z,,,01HWE2VKERF5FPF92MMHT5NSJ9,2024-04-26T20:51:55.324991157Z,,,{},2024-04-26T20:51:55.515606709Z,,,1,2024-04-26T20:54:45.564940857Z,"{""age"":""36"",""gender"":""Female"",""strength"":""I did not get the option to play any game."",""fair"":"""",""feedback"":""I did not get the option to play any game."",""education"":""master"",""teammates"":""I did not get to the point of interacting with anyone."",""notes"":""I did not get to the point of interacting with anyone."",""politics"":""Moderate Liberal"",""geo"":""Canada"",""ethnicity"":""""}",2024-04-26T20:54:45.563757773Z
01HWE2Y2PAVDSWJCNAAKYSDWR3,4,2024-04-26T20:57:36.708549168Z,true,2024-04-26T20:58:17.739783674Z,"{""condition"":""unidirectional"",""opinion"":""slider"",""playerCount"":4,""trueP"":0.7}",2024-04-26T20:53:16.118321526Z,5ce861810afd6e0001a9e329,2024-04-26T20:53:16.106284264Z,game ended,2024-04-26T21:09:11.953867432Z,rerun-unidirectional- 0.7,2024-04-26T20:53:16.118321526Z,01HWE2RYCC39QCVNWDZQ83Y290,2024-04-26T20:53:16.118321526Z,01HWE2YM1N9693J8T85YKWQVN4,2024-04-26T21:08:11.669957176Z,01HWE2Y22T5GZZ0RHBAGGXBFH6,2024-04-26T20:53:16.106284264Z,player 1,2024-04-26T20:58:37.252097043Z,{},2024-04-26T20:53:16.466301356Z,"[""🐿️"",""🐇"",""🐇"",""                                   "",""🐇""]",2024-04-26T20:58:37.252097043Z,1,2024-04-26T21:10:23.163647983Z,"{""age"":""62"",""gender"":""f"",""strength"":""persistance"",""fair"":""y"",""feedback"":""notes box wouldnt work twice"",""education"":""high-school"",""teammates"":""not very communative"",""notes"":""yes"",""politics"":"""",""geo"":""uk"",""ethnicity"":""w/b""}",2024-04-26T21:10:23.167238252Z
01HWE2Y73K84WSXK3HH0B6N020,1,2024-04-26T20:53:25.130066575Z,,,"{""condition"":""unidirectional"",""opinion"":""slider"",""playerCount"":4,""trueP"":0.7}",2024-04-26T21:00:47.239047464Z,5eeb58ec4c86582a76ff55ec,2024-04-26T20:53:20.627823661Z,game terminated,2024-04-26T21:01:08.389365102Z,rerun-unidirectional- 0.7,2024-04-26T21:00:47.239047464Z,01HWE3BT29543ZD2G1R658VWA6,2024-04-26T21:00:47.239047464Z,,,01HWE2Y6GDQ11TVNC6YE2GHFYM,2024-04-26T20:53:20.627823661Z,,,{},2024-04-26T20:53:20.94663088Z,,,,,,
01HWE2YM1N9693J8T85YKWQVN4,4,2024-04-26T20:55:44.549952721Z,true,2024-04-26T20:55:47.736711621Z,"{""condition"":""unidirectional"",""opinion"":""slider"",""playerCount"":4,""trueP"":0.7}",2024-04-26T20:53:33.885851575Z,6473cd2fb003eee93e17ae6f,2024-04-26T20:53:33.877543571Z,game ended,2024-04-26T21:09:11.953867432Z,rerun-unidirectional- 0.7,2024-04-26T20:53:33.885851575Z,01HWE2RYCC39QCVNWDZQ83Y290,2024-04-26T20:53:33.885851575Z,01HWE2YT2N5BVVBGG3354C286K,2024-04-26T21:08:11.669957176Z,01HWE2YKDP7A3FN7WKNDJPWDZZ,2024-04-26T20:53:33.877543571Z,player 2,2024-04-26T20:58:37.252097043Z,{},2024-04-26T20:53:34.200339351Z,"[""🐇"",""🐇"",""                                   "",""🐿️"",""🐇""]",2024-04-26T20:58:37.252097043Z,,,,
01HWE2YT2N5BVVBGG3354C286K,4,2024-04-26T20:54:55.694329901Z,true,2024-04-26T20:54:59.200075053Z,"{""condition"":""unidirectional"",""opinion"":""slider"",""playerCount"":4,""trueP"":0.7}",2024-04-26T20:53:40.061099462Z,62b48d5013f4aad6df2ebbfa,2024-04-26T20:53:40.053106087Z,game ended,2024-04-26T21:09:11.953867432Z,rerun-unidirectional- 0.7,2024-04-26T20:53:40.061099462Z,01HWE2RYCC39QCVNWDZQ83Y290,2024-04-26T20:53:40.061099462Z,01HWE341BFDADAJ6CWQFNV5N12,2024-04-26T21:08:11.669957176Z,01HWE2YSEGQR3GW6ASBEJZ91QY,2024-04-26T20:53:40.053106087Z,player 3,2024-04-26T20:58:37.252097043Z,{},2024-04-26T20:53:40.3803575Z,"[""🐇"",""🐇"",""                                   "",""🐇"",""🐇""]",2024-04-26T20:58:37.252097043Z,1,2024-04-26T21:09:51.650912883Z,"{""age"":""56"",""gender"":""Female"",""strength"":""Middle to good"",""fair"":""Yes"",""feedback"":"""",""education"":""master"",""teammates"":""I hope so"",""notes"":""No"",""politics"":""Rightish"",""geo"":""Uk"",""ethnicity"":""White""}",2024-04-26T21:09:51.644643753Z
01HWE2Z6C0W77S7GV7WHFQ58RA,4,2024-04-26T20:58:47.002062589Z,true,2024-04-26T20:59:06.222110464Z,"{""condition"":""unidirectional"",""opinion"":""slider"",""playerCount"":4,""trueP"":0.7}",2024-04-26T20:58:37.167924514Z,637fefef5c620e2f66047f28,2024-04-26T20:53:52.640554298Z,game ended,2024-04-26T21:12:30.006035213Z,rerun-unidirectional- 0.7,2024-04-26T20:58:37.167924514Z,01HWE2YYFC7E70Q6D0G2DP4QGR,2024-04-26T20:58:37.167924514Z,01HWE30FBEMMQDWJGWHTPNAM0M,2024-04-26T21:11:30.765152278Z,01HWE2Z5Q8FF2WN0VWXXJDEM90,2024-04-26T20:53:52.640554298Z,player 1,2024-04-26T21:00:27.010149984Z,{},2024-04-26T20:53:52.996549255Z,"[""                                   "",""🐇"",""🐇"",""🐇"",""🐇"",""🐇""]",2024-04-26T21:00:27.010149984Z,1,2024-04-26T21:16:36.183243019Z,"{""age"":""30"",""gender"":""Male"",""strength"":""I don't think I had any strengths in the game. "",""fair"":""Yes."",""feedback"":"" This whole thing was weird. I feel like the explanation was a bit lacking. "",""education"":""bachelor"",""teammates"":""Not really, I am not sure I was playing with real people here. Some were reporting seeing dogs..."",""notes"":""Mental notes."",""politics"":""Left"",""geo"":""UK"",""ethnicity"":""White caucasian ""}",2024-04-26T21:16:36.179517615Z
01HWE30FBEMMQDWJGWHTPNAM0M,4,2024-04-26T20:58:34.961460915Z,true,2024-04-26T20:59:02.708634457Z,"{""condition"":""unidirectional"",""opinion"":""slider"",""playerCount"":4,""trueP"":0.7}",2024-04-26T20:58:37.167924514Z,5f820c9582cd6831fd0dc26d,2024-04-26T20:54:34.606983455Z,game ended,2024-04-26T21:12:30.006035213Z,rerun-unidirectional- 0.7,2024-04-26T20:58:37.167924514Z,01HWE2YYFC7E70Q6D0G2DP4QGR,2024-04-26T20:58:37.167924514Z,01HWE310XCBQHZ00YD3TN2PFQ2,2024-04-26T21:11:30.765152278Z,01HWE30EKYRM97E38YF8642TT2,2024-04-26T20:54:34.606983455Z,player 2,2024-04-26T21:00:27.010149984Z,{},2024-04-26T20:54:34.944499058Z,"[""🐿️"",""                                   "",""🐇"",""🐇""]",2024-04-26T21:00:27.010149984Z,1,2024-04-26T21:13:30.157658756Z,"{""age"":""43"",""gender"":""F"",""strength"":""A bit lost"",""fair"":""Yes"",""feedback"":""All good"",""education"":""high-school"",""teammates"":""Yes"",""notes"":""Yes"",""politics"":"""",""geo"":""Spain"",""ethnicity"":""W""}",2024-04-26T21:13:30.161152449Z
01HWE310XCBQHZ00YD3TN2PFQ2,4,2024-04-26T21:00:05.438810134Z,true,2024-04-26T21:00:26.933355515Z,"{""condition"":""unidirectional"",""opinion"":""slider"",""playerCount"":4,""trueP"":0.7}",2024-04-26T20:58:37.167924514Z,65ceaba67bb38638483fbbb6,2024-04-26T20:54:52.588849279Z,game ended,2024-04-26T21:12:30.006035213Z,rerun-unidirectional- 0.7,2024-04-26T20:58:37.167924514Z,01HWE2YYFC7E70Q6D0G2DP4QGR,2024-04-26T20:58:37.167924514Z,01HWE336QCSMY12NZ7QHBHFRTK,2024-04-26T21:11:30.765152278Z,01HWE310H58MD3D0DZ4EB66WTQ,2024-04-26T20:54:52.588849279Z,player 3,2024-04-26T21:00:27.010149984Z,{},2024-04-26T20:54:52.78940295Z,"[""🐿️"",""🐿️"",""🐇"",""🐿️"",""🐇"",""🐿️"",""🐿️"",""                                   "",""🐇"",""🐇""]",2024-04-26T21:00:27.010149984Z,1,2024-04-26T21:13:37.766824753Z,"{""age"":""36"",""gender"":""f"",""strength"":""not that good"",""fair"":""yes"",""feedback"":""im too slow "",""education"":""other"",""teammates"":""yes"",""notes"":""yes"",""politics"":"""",""geo"":""Canada"",""ethnicity"":""asian""}",2024-04-26T21:13:37.741526675Z
01HWE336QCSMY12NZ7QHBHFRTK,4,2024-04-26T20:58:35.098862698Z,true,2024-04-26T20:58:44.720907452Z,"{""condition"":""unidirectional"",""opinion"":""slider"",""playerCount"":4,""trueP"":0.7}",2024-04-26T20:58:37.167924514Z,60f5eba9476ad9bc1d4252e9,2024-04-26T20:56:04.076086119Z,game ended,2024-04-26T21:12:30.006035213Z,rerun-unidirectional- 0.7,2024-04-26T20:58:37.167924514Z,01HWE2YYFC7E70Q6D0G2DP4QGR,2024-04-26T20:58:37.167924514Z,01HWE2Z6C0W77S7GV7WHFQ58RA,2024-04-26T21:11:30.765152278Z,01HWE336BTT1ER8NKNFEB16X6X,2024-04-26T20:56:04.076086119Z,player 4,2024-04-26T21:00:27.010149984Z,{},2024-04-26T20:56:04.262220759Z,"[""🐇"",""🐇"",""🐇"",""                                   ""]",2024-04-26T21:00:27.010149984Z,1,2024-04-26T21:13:36.199531471Z,"{""age"":""45"",""gender"":""Male"",""strength"":""pretty strong, but others weren't as helpful"",""fair"":""I think it is to be determined but from I believe so."",""feedback"":""No problems."",""education"":""bachelor"",""teammates"":""I believe they were telling the truth"",""notes"":""Yep"",""politics"":""Middle"",""geo"":""Canadian"",""ethnicity"":""Asian""}",2024-04-26T21:13:36.194082109Z
01HWE341BFDADAJ6CWQFNV5N12,4,2024-04-26T20:58:35.072774737Z,true,2024-04-26T20:58:37.142739863Z,"{""condition"":""unidirectional"",""opinion"":""slider"",""playerCount"":4,""trueP"":0.7}",2024-04-26T20:56:31.351983346Z,59be1fac3a9ab60001119c1a,2024-04-26T20:56:31.343501911Z,game ended,2024-04-26T21:09:11.953867432Z,rerun-unidirectional- 0.7,2024-04-26T20:56:31.351983346Z,01HWE2RYCC39QCVNWDZQ83Y290,2024-04-26T20:56:31.351983346Z,01HWE2Y2PAVDSWJCNAAKYSDWR3,2024-04-26T21:08:11.669957176Z,01HWE340ZJX45F56GDTGP17AWQ,2024-04-26T20:56:31.343501911Z,player 4,2024-04-26T20:58:37.252097043Z,{},2024-04-26T20:56:31.541732729Z,"[""🐿️"",""🐇"",""                                   "",""🐿️"",""🐇"",""🐿️"",""🐇"",""🐇"",""🐿️""]",2024-04-26T20:58:37.252097043Z,1,2024-04-26T21:09:47.691703711Z,"{""age"":""29"",""gender"":""Male"",""strength"":""My math knowledge made me a good partner."",""fair"":""Yes."",""feedback"":"""",""education"":""bachelor"",""teammates"":""I think so."",""notes"":""Yes"",""politics"":""Liberal"",""geo"":""Canadian"",""ethnicity"":""White""}",2024-04-26T21:09:47.684084496Z
01HWE36K9BSBBB2T3MP7X4RDQV,3,2024-04-26T21:00:27.687928987Z,,,"{""condition"":""unidirectional"",""opinion"":""slider"",""playerCount"":4,""trueP"":0.7}",2024-04-26T21:00:47.239047464Z,5e8c8ca021b0af01c8e13022,2024-04-26T20:57:55.243612568Z,game terminated,2024-04-26T21:01:08.389365102Z,rerun-unidirectional- 0.7,2024-04-26T21:00:47.239047464Z,01HWE3BT29543ZD2G1R658VWA6,2024-04-26T21:00:47.239047464Z,,,01HWE36JNQQY6XPYN8PGR6ZBEG,2024-04-26T20:57:55.243612568Z,,,{},2024-04-26T20:57:55.579563147Z,,,1,2024-04-26T21:02:48.067299461Z,"{""age"":""27"",""gender"":""Male"",""strength"":""No clue I just followed instructions that's all."",""fair"":""yep, it's going to several individuals including myself and it's simplistic so why would I argue about the pay?"",""feedback"":""no issues at all"",""education"":""master"",""teammates"":""they were telling the truth for sure but they are a bit stingy with the amount of information they give."",""notes"":""No because I committed it to memory"",""politics"":""Middle"",""geo"":""United Kingdom"",""ethnicity"":""Pakistani""}",2024-04-26T21:02:48.040035577Z
01HWE3CR8QAYX50ZM3065R2P1X,4,2024-04-26T21:04:24.359269393Z,true,2024-04-26T21:04:46.796899082Z,"{""condition"":""unidirectional"",""opinion"":""slider"",""playerCount"":4,""trueP"":0.7}",2024-04-26T21:01:16.959297898Z,614b9dec59b51fe50763ced0,2024-04-26T21:01:16.951593484Z,game ended,2024-04-26T21:16:21.983497613Z,rerun-unidirectional- 0.7,2024-04-26T21:01:16.959297898Z,01HWE3CGRP2AFHTDN15QRTEHP9,2024-04-26T21:01:16.959297898Z,01HWE3ET0XYR51M29G8TK2HFC4,2024-04-26T21:15:21.757888093Z,01HWE3CQJX2M87KW1DVXP75KGQ,2024-04-26T21:01:16.951593484Z,player 1,2024-04-26T21:05:54.612965355Z,{},2024-04-26T21:01:17.310458825Z,"[""🐇"",""🐇"",""                                   "",""🐇"",""🐇"",""🐇"",""🐇"",""🐇""]",2024-04-26T21:05:54.612965355Z,1,2024-04-26T21:17:40.563035634Z,"{""age"":""44"",""gender"":""Female"",""strength"":""I think I had no more or no less strength than anyone else."",""fair"":""Yes"",""feedback"":""I didn't encounter any problems, although on the last round I didn't get a message from my partner so had to guess at what percentage of rabbits there was."",""education"":""master"",""teammates"":""Yes, well I hope so!"",""notes"":""No, I just tried to remember it."",""politics"":""Left"",""geo"":""UK"",""ethnicity"":""White""}",2024-04-26T21:17:40.553158018Z
01HWE3CZ171N6GFV6J581N5A59,4,2024-04-26T21:06:38.611040394Z,true,2024-04-26T21:07:53.168491592Z,"{""condition"":""unidirectional"",""opinion"":""slider"",""playerCount"":4,""trueP"":0.7}",2024-04-26T21:05:54.525652924Z,62aa276ccd9a0fe821d4a735,2024-04-26T21:01:23.879850695Z,game ended,2024-04-26T21:19:50.367198894Z,rerun-unidirectional- 0.7,2024-04-26T21:05:54.525652924Z,01HWE3KPAH8XJ8RCJKNM7XWY28,2024-04-26T21:05:54.525652924Z,01HWE3FCEPM106P81B6HY2NYQE,2024-04-26T21:18:51.701690447Z,01HWE3CYCVRMZGYVEFS4XVAT5T,2024-04-26T21:01:23.879850695Z,player 1,2024-04-26T21:07:53.288385528Z,{},2024-04-26T21:01:24.220029934Z,"[""🐿️"",""🐇"",""🐇"",""                                   "",""🐇"",""🐇"",""🐇"",""🐿️""]",2024-04-26T21:07:53.288385528Z,,,,
01HWE3DF4XB0GNCXBBSGE9MSMJ,3,2024-04-26T21:03:18.654104494Z,,,"{""condition"":""unidirectional"",""opinion"":""slider"",""playerCount"":4,""trueP"":0.7}",2024-04-26T21:05:54.525652924Z,5f467b8d74eeef0365ffb26e,2024-04-26T21:01:40.381084109Z,no more games,2024-04-26T21:07:53.177065801Z,rerun-unidirectional- 0.7,2024-04-26T21:05:54.525652924Z,,2024-04-26T21:07:53.177065801Z,,,01HWE3DEC8G2HQ3VG86QH3WPRA,2024-04-26T21:01:40.381084109Z,,,{},2024-04-26T21:01:40.721694357Z,,,,,,
01HWE3ET0XYR51M29G8TK2HFC4,4,2024-04-26T21:03:56.661776843Z,true,2024-04-26T21:03:59.549535226Z,"{""condition"":""unidirectional"",""opinion"":""slider"",""playerCount"":4,""trueP"":0.7}",2024-04-26T21:02:24.295581982Z,5e5becca6c37063c53fa8543,2024-04-26T21:02:24.285534251Z,game ended,2024-04-26T21:16:21.983497613Z,rerun-unidirectional- 0.7,2024-04-26T21:02:24.295581982Z,01HWE3CGRP2AFHTDN15QRTEHP9,2024-04-26T21:02:24.295581982Z,01HWE3EY81VNBY1G48DN5SXM88,2024-04-26T21:15:21.757888093Z,01HWE3ESDDRCY4S87N6XB52FZQ,2024-04-26T21:02:24.285534251Z,player 2,2024-04-26T21:05:54.612965355Z,{},2024-04-26T21:02:24.604870603Z,"[""🐇"",""                                   "",""🐇""]",2024-04-26T21:05:54.612965355Z,1,2024-04-26T21:17:19.83105693Z,"{""age"":""25"",""gender"":""Female"",""strength"":""I felt capable of saying what I saw and estimating the population"",""fair"":""I do"",""feedback"":"""",""education"":""master"",""teammates"":""I think they were telling the truth, yes."",""notes"":""I did not"",""politics"":""Left"",""geo"":""English "",""ethnicity"":""White""}",2024-04-26T21:17:19.835659696Z
01HWE3EY81VNBY1G48DN5SXM88,4,2024-04-26T21:05:36.710617209Z,true,2024-04-26T21:05:54.501136106Z,"{""condition"":""unidirectional"",""opinion"":""slider"",""playerCount"":4,""trueP"":0.7}",2024-04-26T21:02:28.623544163Z,651ecfc85b8f6a0221066ece,2024-04-26T21:02:28.60971791Z,game ended,2024-04-26T21:16:21.983497613Z,rerun-unidirectional- 0.7,2024-04-26T21:02:28.623544163Z,01HWE3CGRP2AFHTDN15QRTEHP9,2024-04-26T21:02:28.623544163Z,01HWE3F174B88HQPCPZGG0ABJX,2024-04-26T21:15:21.757888093Z,01HWE3EXVFX5CD08R2DDQEWAM5,2024-04-26T21:02:28.60971791Z,player 3,2024-04-26T21:05:54.612965355Z,{},2024-04-26T21:02:28.815869843Z,"[""🐿️"",""🐇"",""🐇"",""🐇"",""                                   "",""🐿️"",""🐇"",""🐿️"",""🐇""]",2024-04-26T21:05:54.612965355Z,1,2024-04-26T21:18:04.785964709Z,"{""age"":""46"",""gender"":""Male"",""strength"":""No idea."",""fair"":""Sure."",""feedback"":"""",""education"":""other"",""teammates"":""I think so."",""notes"":""No"",""politics"":""Central"",""geo"":""Canadian"",""ethnicity"":""Caucasian""}",2024-04-26T21:18:04.781642628Z
01HWE3F174B88HQPCPZGG0ABJX,4,2024-04-26T21:05:35.453543742Z,true,2024-04-26T21:05:52.847055669Z,"{""condition"":""unidirectional"",""opinion"":""slider"",""playerCount"":4,""trueP"":0.7}",2024-04-26T21:02:31.664933615Z,5c649961c850fa0001cbdce3,2024-04-26T21:02:31.652264938Z,game ended,2024-04-26T21:16:21.983497613Z,rerun-unidirectional- 0.7,2024-04-26T21:02:31.664933615Z,01HWE3CGRP2AFHTDN15QRTEHP9,2024-04-26T21:02:31.664933615Z,01HWE3CR8QAYX50ZM3065R2P1X,2024-04-26T21:15:21.757888093Z,01HWE3F0JS2058MXBKK98HXPCG,2024-04-26T21:02:31.652264938Z,player 4,2024-04-26T21:05:54.612965355Z,{},2024-04-26T21:02:31.996374659Z,"[""                                   "",""🐿️"",""🐿️"",""🐿️""]",2024-04-26T21:05:54.612965355Z,1,2024-04-26T21:17:23.715512147Z,"{""age"":""25"",""gender"":""female"",""strength"":""good at remembering and very precise answers"",""fair"":""yes"",""feedback"":""it went perfectly"",""education"":""bachelor"",""teammates"":""yes i think so "",""notes"":""yes "",""politics"":"""",""geo"":"""",""ethnicity"":""white""}",2024-04-26T21:17:23.719058619Z
01HWE3FCEPM106P81B6HY2NYQE,4,2024-04-26T21:06:29.481311632Z,true,2024-04-26T21:06:37.203681309Z,"{""condition"":""unidirectional"",""opinion"":""slider"",""playerCount"":4,""trueP"":0.7}",2024-04-26T21:05:54.525652924Z,6110f9fd3a01425bd66a1251,2024-04-26T21:02:43.158716526Z,game ended,2024-04-26T21:19:50.367198894Z,rerun-unidirectional- 0.7,2024-04-26T21:05:54.525652924Z,01HWE3KPAH8XJ8RCJKNM7XWY28,2024-04-26T21:05:54.525652924Z,01HWE3HQZ3JZZJF8W83547KZXX,2024-04-26T21:18:51.701690447Z,01HWE3FBRBHDRXNGQB85JAYRT3,2024-04-26T21:02:43.158716526Z,player 2,2024-04-26T21:07:53.288385528Z,{},2024-04-26T21:02:43.509054668Z,"[""                                   "",""🐿️"",""🐇"",""🐇"",""🐇"",""🐇"",""🐿️""]",2024-04-26T21:07:53.288385528Z,1,2024-04-26T21:20:55.848928861Z,"{""age"":""36"",""gender"":""f"",""strength"":""it was too fast"",""fair"":"""",""feedback"":"""",""education"":""high-school"",""teammates"":"" yes"",""notes"":""no notes "",""politics"":""none"",""geo"":""English"",""ethnicity"":""white""}",2024-04-26T21:20:55.844353347Z
01HWE3G77M8J0HH6N39FXVH405,,,,,"{""condition"":""unidirectional"",""opinion"":""slider"",""playerCount"":4,""trueP"":0.7}",2024-04-26T21:05:54.525652924Z,660de4a5823e32401c715e51,2024-04-26T21:03:10.580538905Z,no more games,2024-04-26T21:07:53.177065801Z,rerun-unidirectional- 0.7,2024-04-26T21:05:54.525652924Z,,2024-04-26T21:07:53.177065801Z,,,01HWE3G6JEJYVMMRJEVAGM4GSS,2024-04-26T21:03:10.580538905Z,,,{},2024-04-26T21:03:10.915895984Z,,,,,,
01HWE3HQZ3JZZJF8W83547KZXX,4,2024-04-26T21:07:10.294320643Z,true,2024-04-26T21:07:44.091950245Z,"{""condition"":""unidirectional"",""opinion"":""slider"",""playerCount"":4,""trueP"":0.7}",2024-04-26T21:05:54.525652924Z,http://147.182.195.234:3000/,2024-04-26T21:04:00.483575713Z,game ended,2024-04-26T21:19:50.367198894Z,rerun-unidirectional- 0.7,2024-04-26T21:05:54.525652924Z,01HWE3KPAH8XJ8RCJKNM7XWY28,2024-04-26T21:05:54.525652924Z,01HWE3HT5W13JRQ3MM7RHW5H0B,2024-04-26T21:18:51.701690447Z,01HWE3HQAE9T8XDGWVAQ6BEJGE,2024-04-26T21:04:00.483575713Z,player 3,2024-04-26T21:07:53.288385528Z,{},2024-04-26T21:04:00.821631748Z,"[""🐇"",""🐇"",""                                   "",""🐇"",""🐿️""]",2024-04-26T21:07:53.288385528Z,1,2024-04-26T21:21:12.319455184Z,"{""age"":""35"",""gender"":""Male"",""strength"":""Average"",""fair"":""Yes"",""feedback"":""i havd none"",""education"":""bachelor"",""teammates"":""I would believe so, i dont see a reason to lie"",""notes"":""No i didnt "",""politics"":""Centre"",""geo"":""British"",""ethnicity"":""White""}",2024-04-26T21:21:12.314013758Z
01HWE3HT5W13JRQ3MM7RHW5H0B,4,2024-04-26T21:07:05.501144877Z,true,2024-04-26T21:07:42.451901511Z,"{""condition"":""unidirectional"",""opinion"":""slider"",""playerCount"":4,""trueP"":0.7}",2024-04-26T21:05:54.525652924Z,tkr,2024-04-26T21:04:02.748340577Z,game ended,2024-04-26T21:19:50.367198894Z,rerun-unidirectional- 0.7,2024-04-26T21:05:54.525652924Z,01HWE3KPAH8XJ8RCJKNM7XWY28,2024-04-26T21:05:54.525652924Z,01HWE3CZ171N6GFV6J581N5A59,2024-04-26T21:18:51.701690447Z,01HWE3HS2A70GEAC0MFP49ZPWS,2024-04-26T21:04:02.748340577Z,player 4,2024-04-26T21:07:53.288385528Z,{},2024-04-26T21:04:03.290233218Z,"[""🐿️"",""🐇"",""                                   "",""🐇""]",2024-04-26T21:07:53.288385528Z,1,2024-04-26T21:21:09.351480925Z,"{""age"":""31"",""gender"":""female"",""strength"":""strong"",""fair"":""semi"",""feedback"":""difficult to gauge which players I had already spoken to."",""education"":""master"",""teammates"":""1 teammate was detailed. others no so much. difficult to tell about truth as 1 mentioned chipmonks."",""notes"":""yes"",""politics"":""?"",""geo"":""British"",""ethnicity"":""white british""}",2024-04-26T21:21:09.347251932Z
01HWE3QTJECR65G9QSH53C11PV,1,2024-04-26T21:07:23.199957476Z,,,"{""condition"":""unidirectional"",""opinion"":""slider"",""playerCount"":4,""trueP"":0.7}",2024-04-26T21:07:19.766312453Z,656a2c95f9a793b05b7c074d,2024-04-26T21:07:19.758426135Z,no more games,2024-04-26T21:07:53.177065801Z,rerun-unidirectional- 0.7,2024-04-26T21:07:19.766312453Z,,2024-04-26T21:07:53.177065801Z,,,01HWE3QT99GG1YD8QF1S03JT5X,2024-04-26T21:07:19.758426135Z,,,{},2024-04-26T21:07:19.917283254Z,,,,,,
